Dates,USGG10YR_Index
2000/1/4,6.497
2000/1/5,6.594
2000/1/6,6.524
2000/1/7,6.515
2000/1/10,6.552
2000/1/11,6.657
2000/1/12,6.703
2000/1/13,6.63
2000/1/14,6.679
2000/1/17,6.681
2000/1/18,6.748
2000/1/19,6.732
2000/1/20,6.788
2000/1/21,6.765
2000/1/24,6.685
2000/1/25,6.692
2000/1/26,6.664
2000/1/27,6.692
2000/1/28,6.658
2000/1/31,6.665
2000/2/1,6.619
2000/2/2,6.573
2000/2/3,6.489
2000/2/4,6.549
2000/2/7,6.639
2000/2/8,6.613
2000/2/9,6.66
2000/2/10,6.671
2000/2/11,6.604
2000/2/14,6.554
2000/2/15,6.552
2000/2/16,6.545
2000/2/17,6.567
2000/2/18,6.489
2000/2/21,6.493
2000/2/22,6.361
2000/2/23,6.422
2000/2/24,6.365
2000/2/25,6.326
2000/2/28,6.422
2000/2/29,6.409
2000/3/1,6.386
2000/3/2,6.384
2000/3/3,6.388
2000/3/6,6.411
2000/3/7,6.373
2000/3/8,6.379
2000/3/9,6.343
2000/3/10,6.383
2000/3/13,6.37
2000/3/14,6.292
2000/3/15,6.291
2000/3/16,6.245
2000/3/17,6.194
2000/3/20,6.183
2000/3/21,6.135
2000/3/22,6.112
2000/3/23,6.078
2000/3/24,6.191
2000/3/27,6.185
2000/3/28,6.151
2000/3/29,6.147
2000/3/30,6.055
2000/3/31,6.004
2000/4/3,5.965
2000/4/4,5.895
2000/4/5,5.872
2000/4/6,5.934
2000/4/7,5.853
2000/4/10,5.771
2000/4/11,5.882
2000/4/12,5.935
2000/4/13,5.906
2000/4/14,5.85
2000/4/17,6.038
2000/4/18,6.059
2000/4/19,5.992
2000/4/20,5.994
2000/4/21,5.987
2000/4/24,6.017
2000/4/25,6.128
2000/4/26,6.13
2000/4/27,6.223
2000/4/28,6.212
2000/5/1,6.278
2000/5/2,6.299
2000/5/3,6.401
2000/5/4,6.427
2000/5/5,6.505
2000/5/8,6.56
2000/5/9,6.529
2000/5/10,6.42
2000/5/11,6.409
2000/5/12,6.512
2000/5/15,6.446
2000/5/16,6.424
2000/5/17,6.496
2000/5/18,6.54
2000/5/19,6.494
2000/5/22,6.439
2000/5/23,6.435
2000/5/24,6.47
2000/5/25,6.394
2000/5/26,6.331
2000/5/29,6.326
2000/5/30,6.376
2000/5/31,6.272
2000/6/1,6.191
2000/6/2,6.152
2000/6/5,6.122
2000/6/6,6.122
2000/6/7,6.141
2000/6/8,6.124
2000/6/9,6.126
2000/6/12,6.071
2000/6/13,6.116
2000/6/14,6.041
2000/6/15,6.05
2000/6/16,5.971
2000/6/19,5.999
2000/6/20,6.02
2000/6/21,6.113
2000/6/22,6.104
2000/6/23,6.185
2000/6/26,6.102
2000/6/27,6.085
2000/6/28,6.1
2000/6/29,6.027
2000/6/30,6.031
2000/7/3,5.989
2000/7/5,5.984
2000/7/6,6.048
2000/7/7,6.001
2000/7/10,6.035
2000/7/11,6.048
2000/7/12,6.08
2000/7/13,6.005
2000/7/14,6.096
2000/7/17,6.148
2000/7/18,6.141
2000/7/19,6.154
2000/7/20,6.002
2000/7/21,5.998
2000/7/24,6.034
2000/7/25,6.028
2000/7/26,6.027
2000/7/27,6
2000/7/28,6.034
2000/7/31,6.031
2000/8/1,5.984
2000/8/2,5.976
2000/8/3,5.952
2000/8/4,5.901
2000/8/7,5.956
2000/8/8,5.92
2000/8/9,5.916
2000/8/10,5.763
2000/8/11,5.79
2000/8/14,5.771
2000/8/15,5.802
2000/8/16,5.838
2000/8/17,5.81
2000/8/18,5.773
2000/8/21,5.781
2000/8/22,5.775
2000/8/23,5.727
2000/8/24,5.719
2000/8/25,5.729
2000/8/28,5.777
2000/8/29,5.808
2000/8/30,5.8
2000/8/31,5.725
2000/9/1,5.679
2000/9/4,5.683
2000/9/5,5.689
2000/9/6,5.724
2000/9/7,5.752
2000/9/8,5.739
2000/9/11,5.766
2000/9/12,5.772
2000/9/13,5.724
2000/9/14,5.785
2000/9/15,5.84
2000/9/18,5.871
2000/9/19,5.852
2000/9/20,5.897
2000/9/21,5.823
2000/9/22,5.848
2000/9/25,5.837
2000/9/26,5.802
2000/9/27,5.821
2000/9/28,5.812
2000/9/29,5.802
2000/10/2,5.823
2000/10/3,5.867
2000/10/4,5.886
2000/10/5,5.852
2000/10/6,5.812
2000/10/9,5.823
2000/10/10,5.772
2000/10/11,5.774
2000/10/12,5.709
2000/10/13,5.724
2000/10/16,5.732
2000/10/17,5.673
2000/10/18,5.667
2000/10/19,5.655
2000/10/20,5.632
2000/10/23,5.584
2000/10/24,5.615
2000/10/25,5.684
2000/10/26,5.69
2000/10/27,5.713
2000/10/30,5.732
2000/10/31,5.751
2000/11/1,5.742
2000/11/2,5.738
2000/11/3,5.827
2000/11/6,5.855
2000/11/7,5.866
2000/11/8,5.855
2000/11/9,5.825
2000/11/10,5.783
2000/11/13,5.766
2000/11/14,5.755
2000/11/15,5.711
2000/11/16,5.669
2000/11/17,5.704
2000/11/20,5.677
2000/11/21,5.652
2000/11/22,5.624
2000/11/23,5.612
2000/11/24,5.624
2000/11/27,5.624
2000/11/28,5.582
2000/11/29,5.524
2000/11/30,5.468
2000/12/1,5.503
2000/12/4,5.551
2000/12/5,5.418
2000/12/6,5.326
2000/12/7,5.309
2000/12/8,5.299
2000/12/11,5.362
2000/12/12,5.346
2000/12/13,5.258
2000/12/14,5.213
2000/12/15,5.18
2000/12/18,5.17
2000/12/19,5.188
2000/12/20,5.037
2000/12/21,5.025
2000/12/22,5.006
2000/12/25,5.008
2000/12/26,5.056
2000/12/27,5.104
2000/12/28,5.118
2000/12/29,5.112
2001/1/1,5.114
2001/1/2,4.915
2001/1/3,5.158
2001/1/4,5.039
2001/1/5,4.931
2001/1/8,4.956
2001/1/9,5
2001/1/10,5.104
2001/1/11,5.11
2001/1/12,5.25
2001/1/15,5.242
2001/1/16,5.23
2001/1/17,5.175
2001/1/18,5.114
2001/1/19,5.168
2001/1/22,5.225
2001/1/23,5.281
2001/1/24,5.305
2001/1/25,5.245
2001/1/26,5.268
2001/1/29,5.303
2001/1/30,5.229
2001/1/31,5.114
2001/2/1,5.086
2001/2/2,5.148
2001/2/5,5.167
2001/2/6,5.183
2001/2/7,5.187
2001/2/8,5.089
2001/2/9,5.03
2001/2/12,5.046
2001/2/13,5.07
2001/2/14,5.164
2001/2/15,5.166
2001/2/16,5.109
2001/2/19,5.097
2001/2/20,5.105
2001/2/21,5.139
2001/2/22,5.156
2001/2/23,5.097
2001/2/26,5.034
2001/2/27,4.952
2001/2/28,4.896
2001/3/1,4.874
2001/3/2,4.947
2001/3/5,4.976
2001/3/6,4.971
2001/3/7,4.899
2001/3/8,4.889
2001/3/9,4.929
2001/3/12,4.891
2001/3/13,4.929
2001/3/14,4.818
2001/3/15,4.786
2001/3/16,4.77
2001/3/19,4.813
2001/3/20,4.758
2001/3/21,4.778
2001/3/22,4.756
2001/3/23,4.815
2001/3/26,4.869
2001/3/27,5.011
2001/3/28,4.975
2001/3/29,4.997
2001/3/30,4.917
2001/4/2,4.977
2001/4/3,4.929
2001/4/4,4.914
2001/4/5,4.973
2001/4/6,4.89
2001/4/9,4.932
2001/4/10,5.083
2001/4/11,5.119
2001/4/12,5.169
2001/4/13,5.163
2001/4/16,5.254
2001/4/17,5.225
2001/4/18,5.146
2001/4/19,5.294
2001/4/20,5.288
2001/4/23,5.177
2001/4/24,5.209
2001/4/25,5.256
2001/4/26,5.192
2001/4/27,5.328
2001/4/30,5.338
2001/5/1,5.292
2001/5/2,5.288
2001/5/3,5.205
2001/5/4,5.205
2001/5/7,5.197
2001/5/8,5.245
2001/5/9,5.174
2001/5/10,5.295
2001/5/11,5.447
2001/5/14,5.42
2001/5/15,5.512
2001/5/16,5.445
2001/5/17,5.407
2001/5/18,5.405
2001/5/21,5.374
2001/5/22,5.41
2001/5/23,5.401
2001/5/24,5.491
2001/5/25,5.511
2001/5/28,5.494
2001/5/29,5.515
2001/5/30,5.509
2001/5/31,5.381
2001/6/1,5.364
2001/6/4,5.341
2001/6/5,5.269
2001/6/6,5.255
2001/6/7,5.324
2001/6/8,5.356
2001/6/11,5.284
2001/6/12,5.253
2001/6/13,5.263
2001/6/14,5.221
2001/6/15,5.232
2001/6/18,5.251
2001/6/19,5.236
2001/6/20,5.205
2001/6/21,5.172
2001/6/22,5.115
2001/6/25,5.13
2001/6/26,5.224
2001/6/27,5.235
2001/6/28,5.334
2001/6/29,5.412
2001/7/2,5.322
2001/7/3,5.38
2001/7/4,5.378
2001/7/5,5.391
2001/7/6,5.359
2001/7/9,5.327
2001/7/10,5.274
2001/7/11,5.289
2001/7/12,5.234
2001/7/13,5.217
2001/7/16,5.173
2001/7/17,5.204
2001/7/18,5.091
2001/7/19,5.106
2001/7/20,5.129
2001/7/23,5.104
2001/7/24,5.11
2001/7/25,5.182
2001/7/26,5.129
2001/7/27,5.098
2001/7/30,5.066
2001/7/31,5.054
2001/8/1,5.071
2001/8/2,5.151
2001/8/3,5.157
2001/8/6,5.153
2001/8/7,5.168
2001/8/8,5.05
2001/8/9,5.034
2001/8/10,4.98
2001/8/13,4.976
2001/8/14,4.966
2001/8/15,5
2001/8/16,4.94
2001/8/17,4.839
2001/8/20,4.902
2001/8/21,4.864
2001/8/22,4.894
2001/8/23,4.88
2001/8/24,4.922
2001/8/27,4.924
2001/8/28,4.836
2001/8/29,4.771
2001/8/30,4.812
2001/8/31,4.832
2001/9/3,4.826
2001/9/4,4.959
2001/9/5,4.967
2001/9/6,4.873
2001/9/7,4.79
2001/9/10,4.835
2001/9/11,4.809
2001/9/13,4.623
2001/9/14,4.553
2001/9/17,4.623
2001/9/18,4.707
2001/9/19,4.691
2001/9/20,4.742
2001/9/21,4.691
2001/9/24,4.716
2001/9/25,4.7
2001/9/26,4.628
2001/9/27,4.548
2001/9/28,4.588
2001/10/1,4.54
2001/10/2,4.501
2001/10/3,4.468
2001/10/4,4.506
2001/10/5,4.504
2001/10/8,4.506
2001/10/9,4.593
2001/10/10,4.597
2001/10/11,4.666
2001/10/12,4.669
2001/10/15,4.599
2001/10/16,4.559
2001/10/17,4.567
2001/10/18,4.577
2001/10/19,4.621
2001/10/22,4.633
2001/10/23,4.643
2001/10/24,4.596
2001/10/25,4.551
2001/10/26,4.529
2001/10/29,4.48
2001/10/30,4.41
2001/10/31,4.232
2001/11/1,4.24
2001/11/2,4.358
2001/11/5,4.296
2001/11/6,4.256
2001/11/7,4.178
2001/11/8,4.286
2001/11/9,4.303
2001/11/12,4.303
2001/11/13,4.378
2001/11/14,4.539
2001/11/15,4.762
2001/11/16,4.843
2001/11/19,4.798
2001/11/20,4.863
2001/11/21,5.013
2001/11/22,4.966
2001/11/23,4.987
2001/11/26,5.015
2001/11/27,4.919
2001/11/28,4.925
2001/11/29,4.756
2001/11/30,4.752
2001/12/3,4.687
2001/12/4,4.66
2001/12/5,4.893
2001/12/6,5.013
2001/12/7,5.167
2001/12/10,5.098
2001/12/11,5.051
2001/12/12,5.005
2001/12/13,5.073
2001/12/14,5.188
2001/12/17,5.186
2001/12/18,5.121
2001/12/19,5.047
2001/12/20,5.03
2001/12/21,5.084
2001/12/24,5.136
2001/12/25,5.136
2001/12/26,5.199
2001/12/27,5.065
2001/12/28,5.113
2001/12/31,5.051
2002/1/1,5.032
2002/1/2,5.16
2002/1/3,5.111
2002/1/4,5.128
2002/1/7,5.049
2002/1/8,5.08
2002/1/9,5.051
2002/1/10,4.979
2002/1/11,4.866
2002/1/14,4.876
2002/1/15,4.835
2002/1/16,4.839
2002/1/17,4.925
2002/1/18,4.894
2002/1/21,4.892
2002/1/22,4.919
2002/1/23,5.029
2002/1/24,5.008
2002/1/25,5.071
2002/1/28,5.073
2002/1/29,4.942
2002/1/30,5.014
2002/1/31,5.033
2002/2/1,4.985
2002/2/4,4.902
2002/2/5,4.894
2002/2/6,4.923
2002/2/7,4.939
2002/2/8,4.879
2002/2/11,4.907
2002/2/12,4.975
2002/2/13,4.987
2002/2/14,4.945
2002/2/15,4.875
2002/2/18,4.863
2002/2/19,4.873
2002/2/20,4.889
2002/2/21,4.853
2002/2/22,4.831
2002/2/25,4.849
2002/2/26,4.927
2002/2/27,4.833
2002/2/28,4.877
2002/3/1,4.981
2002/3/4,4.999
2002/3/5,5.001
2002/3/6,5.052
2002/3/7,5.227
2002/3/8,5.325
2002/3/11,5.32
2002/3/12,5.31
2002/3/13,5.279
2002/3/14,5.409
2002/3/15,5.327
2002/3/18,5.3
2002/3/19,5.286
2002/3/20,5.406
2002/3/21,5.365
2002/3/22,5.404
2002/3/25,5.408
2002/3/26,5.345
2002/3/27,5.341
2002/3/28,5.4
2002/3/29,5.396
2002/4/1,5.426
2002/4/2,5.341
2002/4/3,5.278
2002/4/4,5.258
2002/4/5,5.206
2002/4/8,5.262
2002/4/9,5.202
2002/4/10,5.233
2002/4/11,5.206
2002/4/12,5.156
2002/4/15,5.138
2002/4/16,5.192
2002/4/17,5.233
2002/4/18,5.198
2002/4/19,5.1962
2002/4/22,5.1755
2002/4/23,5.161
2002/4/24,5.1113
2002/4/25,5.0928
2002/4/26,5.0537
2002/4/29,5.1198
2002/4/30,5.0847
2002/5/1,5.0579
2002/5/2,5.0931
2002/5/3,5.054
2002/5/6,5.0643
2002/5/7,5.054
2002/5/8,5.2162
2002/5/9,5.1619
2002/5/10,5.1163
2002/5/13,5.2207
2002/5/14,5.2755
2002/5/15,5.244
2002/5/16,5.1665
2002/5/17,5.2506
2002/5/20,5.1982
2002/5/21,5.1481
2002/5/22,5.1127
2002/5/23,5.1482
2002/5/24,5.1443
2002/5/27,5.136
2002/5/28,5.1277
2002/5/29,5.0611
2002/5/30,5.0198
2002/5/31,5.0427
2002/6/3,4.9972
2002/6/4,5.0262
2002/6/5,5.0469
2002/6/6,4.9746
2002/6/7,5.0658
2002/6/10,5.0264
2002/6/11,4.9727
2002/6/12,4.9624
2002/6/13,4.8987
2002/6/14,4.7967
2002/6/17,4.8435
2002/6/18,4.8333
2002/6/19,4.7257
2002/6/20,4.7885
2002/6/21,4.7661
2002/6/24,4.8272
2002/6/25,4.817
2002/6/26,4.7417
2002/6/27,4.821
2002/6/28,4.7965
2002/7/1,4.7802
2002/7/2,4.7254
2002/7/3,4.7639
2002/7/4,4.7618
2002/7/5,4.856
2002/7/8,4.7945
2002/7/9,4.7252
2002/7/10,4.6121
2002/7/11,4.6362
2002/7/12,4.5718
2002/7/15,4.626
2002/7/16,4.6805
2002/7/17,4.6825
2002/7/18,4.6057
2002/7/19,4.5194
2002/7/22,4.4437
2002/7/23,4.4059
2002/7/24,4.4852
2002/7/25,4.3801
2002/7/26,4.3817
2002/7/29,4.5609
2002/7/30,4.585
2002/7/31,4.4588
2002/8/1,4.3893
2002/8/2,4.2904
2002/8/5,4.2082
2002/8/6,4.3315
2002/8/7,4.3038
2002/8/8,4.3945
2002/8/9,4.255
2002/8/12,4.215
2002/8/13,4.0852
2002/8/14,4.1194
2002/8/15,4.1802
2002/8/16,4.3244
2002/8/19,4.2838
2002/8/20,4.1475
2002/8/21,4.1971
2002/8/22,4.3166
2002/8/23,4.2334
2002/8/26,4.2237
2002/8/27,4.2816
2002/8/28,4.2121
2002/8/29,4.1374
2002/8/30,4.1409
2002/9/2,4.1332
2002/9/3,3.9627
2002/9/4,3.9608
2002/9/5,3.925
2002/9/6,4.0113
2002/9/9,4.0585
2002/9/10,3.9941
2002/9/11,4.0584
2002/9/12,3.96
2002/9/13,3.9052
2002/9/16,3.9126
2002/9/17,3.8172
2002/9/18,3.8413
2002/9/19,3.7761
2002/9/20,3.785
2002/9/23,3.6943
2002/9/24,3.6446
2002/9/25,3.7475
2002/9/26,3.764
2002/9/27,3.6584
2002/9/30,3.5942
2002/10/1,3.7152
2002/10/2,3.6671
2002/10/3,3.6835
2002/10/4,3.6646
2002/10/7,3.6131
2002/10/8,3.6331
2002/10/9,3.567
2002/10/10,3.6566
2002/10/11,3.7782
2002/10/14,3.7856
2002/10/15,3.9927
2002/10/16,4.048
2002/10/17,4.2002
2002/10/18,4.1053
2002/10/21,4.251
2002/10/22,4.2584
2002/10/23,4.231
2002/10/24,4.1147
2002/10/25,4.0914
2002/10/28,4.0855
2002/10/29,3.9382
2002/10/30,3.961
2002/10/31,3.8925
2002/11/1,4.0045
2002/11/4,4.0427
2002/11/5,4.0696
2002/11/6,4.033
2002/11/7,3.8916
2002/11/8,3.8558
2002/11/11,3.8388
2002/11/12,3.8482
2002/11/13,3.8388
2002/11/14,4.0556
2002/11/15,4.0287
2002/11/18,3.9961
2002/11/19,3.977
2002/11/20,4.0575
2002/11/21,4.1522
2002/11/22,4.1776
2002/11/25,4.1737
2002/11/26,4.0652
2002/11/27,4.258
2002/11/28,4.2503
2002/11/29,4.2052
2002/12/2,4.2287
2002/12/3,4.2013
2002/12/4,4.1506
2002/12/5,4.137
2002/12/6,4.0827
2002/12/9,4.0344
2002/12/10,4.0459
2002/12/11,4.0228
2002/12/12,4.0228
2002/12/13,4.0672
2002/12/16,4.1587
2002/12/17,4.1236
2002/12/18,4.0343
2002/12/19,3.9382
2002/12/20,3.9573
2002/12/23,3.9707
2002/12/24,3.9342
2002/12/25,3.9323
2002/12/26,3.9016
2002/12/27,3.8083
2002/12/30,3.7949
2002/12/31,3.816
2003/1/1,3.8175
2003/1/2,4.0305
2003/1/3,4.0169
2003/1/6,4.0518
2003/1/7,4.0053
2003/1/8,4.0169
2003/1/9,4.179
2003/1/10,4.132
2003/1/13,4.1202
2003/1/14,4.0772
2003/1/15,4.0597
2003/1/16,4.0773
2003/1/17,4.0091
2003/1/20,4.015
2003/1/21,3.9703
2003/1/22,3.9144
2003/1/23,3.9355
2003/1/24,3.9278
2003/1/27,3.9625
2003/1/28,3.9683
2003/1/29,4.0208
2003/1/30,3.9606
2003/1/31,3.9625
2003/2/3,3.9916
2003/2/4,3.9199
2003/2/5,3.9955
2003/2/6,3.945
2003/2/7,3.9294
2003/2/10,3.9643
2003/2/11,3.9566
2003/2/12,3.9081
2003/2/13,3.8769
2003/2/14,3.961
2003/2/17,3.9628
2003/2/18,3.9494
2003/2/19,3.8825
2003/2/20,3.8673
2003/2/21,3.8882
2003/2/24,3.8445
2003/2/25,3.8198
2003/2/26,3.765
2003/2/27,3.7367
2003/2/28,3.6897
2003/3/3,3.6728
2003/3/4,3.6465
2003/3/5,3.6278
2003/3/6,3.6558
2003/3/7,3.6406
2003/3/10,3.5606
2003/3/11,3.5809
2003/3/12,3.5808
2003/3/13,3.7456
2003/3/14,3.7002
2003/3/17,3.8384
2003/3/18,3.9053
2003/3/19,3.9843
2003/3/20,3.9534
2003/3/21,4.1031
2003/3/24,3.9651
2003/3/25,3.9419
2003/3/26,3.9284
2003/3/27,3.9226
2003/3/28,3.8976
2003/3/31,3.796
2003/4/1,3.8095
2003/4/2,3.9285
2003/4/3,3.9092
2003/4/4,3.9517
2003/4/7,3.9769
2003/4/8,3.9324
2003/4/9,3.8957
2003/4/10,3.9421
2003/4/11,3.9712
2003/4/14,4.014
2003/4/15,3.9848
2003/4/16,3.9382
2003/4/17,3.9558
2003/4/18,3.9558
2003/4/21,3.9811
2003/4/22,3.9636
2003/4/23,3.9753
2003/4/24,3.9189
2003/4/25,3.888
2003/4/28,3.9015
2003/4/29,3.9267
2003/4/30,3.8359
2003/5/1,3.8397
2003/5/2,3.919
2003/5/5,3.8841
2003/5/6,3.7839
2003/5/7,3.675
2003/5/8,3.6807
2003/5/9,3.6796
2003/5/12,3.6419
2003/5/13,3.6025
2003/5/14,3.5204
2003/5/15,3.5297
2003/5/16,3.4185
2003/5/19,3.485
2003/5/20,3.3542
2003/5/21,3.3963
2003/5/22,3.3138
2003/5/23,3.3354
2003/5/26,3.3317
2003/5/27,3.4106
2003/5/28,3.4235
2003/5/29,3.3352
2003/5/30,3.3699
2003/6/2,3.4085
2003/6/3,3.3293
2003/6/4,3.2927
2003/6/5,3.342
2003/6/6,3.351
2003/6/9,3.2758
2003/6/10,3.1903
2003/6/11,3.2101
2003/6/12,3.163
2003/6/13,3.1121
2003/6/16,3.1716
2003/6/17,3.2605
2003/6/18,3.3614
2003/6/19,3.3374
2003/6/20,3.3648
2003/6/23,3.3113
2003/6/24,3.2489
2003/6/25,3.4035
2003/6/26,3.5416
2003/6/27,3.5415
2003/6/30,3.5133
2003/7/1,3.5471
2003/7/2,3.5358
2003/7/3,3.6607
2003/7/4,3.6474
2003/7/7,3.7315
2003/7/8,3.7143
2003/7/9,3.6798
2003/7/10,3.655
2003/7/11,3.6265
2003/7/14,3.724
2003/7/15,3.9807
2003/7/16,3.918
2003/7/17,3.92
2003/7/18,3.9989
2003/7/21,4.2105
2003/7/22,4.1223
2003/7/23,4.1084
2003/7/24,4.1646
2003/7/25,4.175
2003/7/28,4.2802
2003/7/29,4.4381
2003/7/30,4.307
2003/7/31,4.4055
2003/8/1,4.3834
2003/8/4,4.2833
2003/8/5,4.3899
2003/8/6,4.2674
2003/8/7,4.2168
2003/8/8,4.2694
2003/8/11,4.353
2003/8/12,4.4256
2003/8/13,4.5602
2003/8/14,4.4887
2003/8/15,4.5285
2003/8/18,4.4572
2003/8/19,4.3609
2003/8/20,4.4355
2003/8/21,4.4751
2003/8/22,4.4732
2003/8/25,4.5249
2003/8/26,4.4733
2003/8/27,4.5349
2003/8/28,4.4141
2003/8/29,4.4636
2003/9/1,4.4577
2003/9/2,4.5993
2003/9/3,4.5933
2003/9/4,4.5034
2003/9/5,4.3474
2003/9/8,4.4262
2003/9/9,4.3552
2003/9/10,4.2711
2003/9/11,4.3141
2003/9/12,4.2516
2003/9/15,4.2671
2003/9/16,4.2749
2003/9/17,4.1777
2003/9/18,4.1622
2003/9/19,4.1602
2003/9/22,4.2164
2003/9/23,4.2047
2003/9/24,4.1331
2003/9/25,4.081
2003/9/26,4.0005
2003/9/29,4.0751
2003/9/30,3.9376
2003/10/1,3.9318
2003/10/2,3.9926
2003/10/3,4.1987
2003/10/6,4.1695
2003/10/7,4.2573
2003/10/8,4.2357
2003/10/9,4.2906
2003/10/10,4.269
2003/10/13,4.2513
2003/10/14,4.3439
2003/10/15,4.3974
2003/10/16,4.4593
2003/10/17,4.3876
2003/10/20,4.3817
2003/10/21,4.342
2003/10/22,4.2513
2003/10/23,4.3163
2003/10/24,4.2297
2003/10/27,4.2592
2003/10/28,4.1768
2003/10/29,4.2946
2003/10/30,4.3422
2003/10/31,4.2927
2003/11/3,4.3403
2003/11/4,4.2947
2003/11/5,4.3522
2003/11/6,4.4081
2003/11/7,4.4383
2003/11/10,4.4464
2003/11/11,4.4464
2003/11/12,4.3983
2003/11/13,4.269
2003/11/14,4.2171
2003/11/17,4.194
2003/11/18,4.1421
2003/11/19,4.2364
2003/11/20,4.1516
2003/11/21,4.1592
2003/11/24,4.2286
2003/11/25,4.1841
2003/11/26,4.2459
2003/11/27,4.2459
2003/11/28,4.3316
2003/12/1,4.3846
2003/12/2,4.3787
2003/12/3,4.4023
2003/12/4,4.365
2003/12/5,4.2303
2003/12/8,4.2672
2003/12/9,4.3513
2003/12/10,4.316
2003/12/11,4.2302
2003/12/12,4.2379
2003/12/15,4.2574
2003/12/16,4.2127
2003/12/17,4.1816
2003/12/18,4.1256
2003/12/19,4.1332
2003/12/22,4.1679
2003/12/23,4.2593
2003/12/24,4.1834
2003/12/25,4.1833
2003/12/26,4.1503
2003/12/29,4.2417
2003/12/30,4.2573
2003/12/31,4.2455
2004/1/1,4.2455
2004/1/2,4.3794
2004/1/5,4.3774
2004/1/6,4.271
2004/1/7,4.2416
2004/1/8,4.2553
2004/1/9,4.0803
2004/1/12,4.0861
2004/1/13,4.011
2004/1/14,3.9937
2004/1/15,3.9688
2004/1/16,4.0299
2004/1/19,4.0298
2004/1/20,4.0548
2004/1/21,4.0182
2004/1/22,3.953
2004/1/23,4.072
2004/1/26,4.1301
2004/1/27,4.0738
2004/1/28,4.1885
2004/1/29,4.1729
2004/1/30,4.1319
2004/2/2,4.1455
2004/2/3,4.0968
2004/2/4,4.1123
2004/2/5,4.1669
2004/2/6,4.0772
2004/2/9,4.052
2004/2/10,4.1121
2004/2/11,4.0306
2004/2/12,4.0441
2004/2/13,4.0402
2004/2/16,4.0402
2004/2/17,4.0383
2004/2/18,4.0479
2004/2/19,4.0306
2004/2/20,4.0961
2004/2/23,4.0363
2004/2/24,4.0229
2004/2/25,4.0075
2004/2/26,4.0344
2004/2/27,3.9711
2004/3/1,3.973
2004/3/2,4.0421
2004/3/3,4.0498
2004/3/4,4.0151
2004/3/5,3.8491
2004/3/8,3.768
2004/3/9,3.7211
2004/3/10,3.7285
2004/3/11,3.6985
2004/3/12,3.777
2004/3/15,3.7619
2004/3/16,3.6794
2004/3/17,3.7111
2004/3/18,3.7542
2004/3/19,3.771
2004/3/22,3.7126
2004/3/23,3.6901
2004/3/24,3.7069
2004/3/25,3.7368
2004/3/26,3.8292
2004/3/29,3.8882
2004/3/30,3.8939
2004/3/31,3.8348
2004/4/1,3.8786
2004/4/2,4.1435
2004/4/5,4.2064
2004/4/6,4.1475
2004/4/7,4.1573
2004/4/8,4.1909
2004/4/9,4.1909
2004/4/12,4.2285
2004/4/13,4.3519
2004/4/14,4.364
2004/4/15,4.4003
2004/4/16,4.3383
2004/4/19,4.3845
2004/4/20,4.4573
2004/4/21,4.423
2004/4/22,4.3807
2004/4/23,4.4578
2004/4/26,4.4336
2004/4/27,4.3832
2004/4/28,4.4967
2004/4/29,4.5356
2004/4/30,4.5053
2004/5/3,4.4993
2004/5/4,4.5649
2004/5/5,4.5794
2004/5/6,4.598
2004/5/7,4.7709
2004/5/10,4.7921
2004/5/11,4.7462
2004/5/12,4.805
2004/5/13,4.8516
2004/5/14,4.7678
2004/5/17,4.6887
2004/5/18,4.7341
2004/5/19,4.7717
2004/5/20,4.7004
2004/5/21,4.7558
2004/5/24,4.732
2004/5/25,4.7201
2004/5/26,4.6549
2004/5/27,4.5999
2004/5/28,4.6468
2004/5/31,4.6468
2004/6/1,4.7001
2004/6/2,4.7377
2004/6/3,4.7099
2004/6/4,4.7715
2004/6/7,4.7596
2004/6/8,4.7615
2004/6/9,4.8055
2004/6/10,4.7935
2004/6/11,4.7995
2004/6/14,4.8698
2004/6/15,4.676
2004/6/16,4.7216
2004/6/17,4.6779
2004/6/18,4.7096
2004/6/21,4.6837
2004/6/22,4.7175
2004/6/23,4.6956
2004/6/24,4.644
2004/6/25,4.6459
2004/6/28,4.7354
2004/6/29,4.6855
2004/6/30,4.5806
2004/7/1,4.5629
2004/7/2,4.4589
2004/7/5,4.4549
2004/7/6,4.4743
2004/7/7,4.4743
2004/7/8,4.4704
2004/7/9,4.4565
2004/7/12,4.4447
2004/7/13,4.47
2004/7/14,4.4797
2004/7/15,4.4797
2004/7/16,4.3491
2004/7/19,4.3509
2004/7/20,4.4441
2004/7/21,4.4656
2004/7/22,4.444
2004/7/23,4.4301
2004/7/26,4.4848
2004/7/27,4.6132
2004/7/28,4.5834
2004/7/29,4.5754
2004/7/30,4.4747
2004/8/2,4.4491
2004/8/3,4.4236
2004/8/4,4.4176
2004/8/5,4.4
2004/8/6,4.2196
2004/8/9,4.2561
2004/8/10,4.2888
2004/8/11,4.2713
2004/8/12,4.2538
2004/8/13,4.2268
2004/8/16,4.2616
2004/8/17,4.1901
2004/8/18,4.2364
2004/8/19,4.2132
2004/8/20,4.2325
2004/8/23,4.2829
2004/8/24,4.2712
2004/8/25,4.2615
2004/8/26,4.2092
2004/8/27,4.2265
2004/8/30,4.1763
2004/8/31,4.1167
2004/9/1,4.1128
2004/9/2,4.2129
2004/9/3,4.2945
2004/9/6,4.2906
2004/9/7,4.238
2004/9/8,4.1587
2004/9/9,4.1953
2004/9/10,4.1856
2004/9/13,4.1354
2004/9/14,4.1238
2004/9/15,4.1643
2004/9/16,4.0719
2004/9/17,4.1064
2004/9/20,4.0564
2004/9/21,4.0353
2004/9/22,3.978
2004/9/23,4.0161
2004/9/24,4.0273
2004/9/27,3.9891
2004/9/28,4.0024
2004/9/29,4.0866
2004/9/30,4.1194
2004/10/1,4.1871
2004/10/4,4.1637
2004/10/5,4.1734
2004/10/6,4.2201
2004/10/7,4.2416
2004/10/8,4.1286
2004/10/11,4.1305
2004/10/12,4.0976
2004/10/13,4.0552
2004/10/14,4.0244
2004/10/15,4.0531
2004/10/18,4.0415
2004/10/19,4.0318
2004/10/20,3.98
2004/10/21,3.9952
2004/10/22,3.974
2004/10/25,3.9701
2004/10/26,3.9988
2004/10/27,4.0816
2004/10/28,4.0487
2004/10/29,4.0235
2004/11/1,4.0698
2004/11/2,4.0465
2004/11/3,4.0736
2004/11/4,4.0716
2004/11/5,4.1727
2004/11/8,4.2158
2004/11/9,4.2257
2004/11/10,4.2394
2004/11/11,4.2519
2004/11/12,4.1786
2004/11/15,4.1863
2004/11/16,4.2056
2004/11/17,4.1287
2004/11/18,4.1134
2004/11/19,4.2035
2004/11/22,4.1784
2004/11/23,4.1823
2004/11/24,4.1976
2004/11/25,4.1937
2004/11/26,4.2459
2004/11/29,4.3179
2004/11/30,4.3492
2004/12/1,4.3649
2004/12/2,4.4063
2004/12/3,4.2497
2004/12/6,4.2206
2004/12/7,4.2206
2004/12/8,4.1183
2004/12/9,4.1664
2004/12/10,4.1489
2004/12/13,4.147
2004/12/14,4.1219
2004/12/15,4.0739
2004/12/16,4.1836
2004/12/17,4.199
2004/12/20,4.1835
2004/12/21,4.1622
2004/12/22,4.1931
2004/12/23,4.2242
2004/12/24,4.2144
2004/12/27,4.2965
2004/12/28,4.2906
2004/12/29,4.322
2004/12/30,4.2534
2004/12/31,4.2182
2005/1/3,4.2104
2005/1/4,4.2886
2005/1/5,4.2808
2005/1/6,4.2612
2005/1/7,4.269
2005/1/10,4.269
2005/1/11,4.2357
2005/1/12,4.2337
2005/1/13,4.1635
2005/1/14,4.208
2005/1/17,4.2082
2005/1/18,4.1848
2005/1/19,4.1711
2005/1/20,4.1614
2005/1/21,4.1399
2005/1/24,4.1204
2005/1/25,4.1925
2005/1/26,4.1964
2005/1/27,4.2179
2005/1/28,4.1397
2005/1/31,4.128
2005/2/1,4.1377
2005/2/2,4.1396
2005/2/3,4.163
2005/2/4,4.0753
2005/2/7,4.0501
2005/2/8,4.0153
2005/2/9,3.979
2005/2/10,4.0888
2005/2/11,4.0844
2005/2/14,4.069
2005/2/15,4.096
2005/2/16,4.1521
2005/2/17,4.1794
2005/2/18,4.2655
2005/2/21,4.2616
2005/2/22,4.2853
2005/2/23,4.2617
2005/2/24,4.2833
2005/2/25,4.2638
2005/2/28,4.3766
2005/3/1,4.3647
2005/3/2,4.3767
2005/3/3,4.3768
2005/3/4,4.3076
2005/3/7,4.3076
2005/3/8,4.3911
2005/3/9,4.5196
2005/3/10,4.4633
2005/3/11,4.5423
2005/3/14,4.508
2005/3/15,4.5445
2005/3/16,4.5062
2005/3/17,4.464
2005/3/18,4.5066
2005/3/21,4.5229
2005/3/22,4.6411
2005/3/23,4.5841
2005/3/24,4.5968
2005/3/25,4.5929
2005/3/28,4.64
2005/3/29,4.5726
2005/3/30,4.5462
2005/3/31,4.4815
2005/4/1,4.4475
2005/4/4,4.4556
2005/4/5,4.4678
2005/4/6,4.4215
2005/4/7,4.4802
2005/4/8,4.4683
2005/4/11,4.428
2005/4/12,4.3518
2005/4/13,4.3599
2005/4/14,4.308
2005/4/15,4.2406
2005/4/18,4.2704
2005/4/19,4.2109
2005/4/20,4.1853
2005/4/21,4.2945
2005/4/22,4.2449
2005/4/25,4.2469
2005/4/26,4.2649
2005/4/27,4.2232
2005/4/28,4.1442
2005/4/29,4.1976
2005/5/2,4.1858
2005/5/3,4.1641
2005/5/4,4.1859
2005/5/5,4.1543
2005/5/6,4.2576
2005/5/9,4.2816
2005/5/10,4.2
2005/5/11,4.202
2005/5/12,4.1703
2005/5/13,4.1173
2005/5/16,4.1269
2005/5/17,4.1134
2005/5/18,4.0884
2005/5/19,4.1115
2005/5/20,4.121
2005/5/23,4.0538
2005/5/24,4.0271
2005/5/25,4.0864
2005/5/26,4.0787
2005/5/27,4.0709
2005/5/30,4.069
2005/5/31,3.981
2005/6/1,3.8844
2005/6/2,3.9032
2005/6/3,3.9732
2005/6/6,3.9522
2005/6/7,3.901
2005/6/8,3.9331
2005/6/9,3.9483
2005/6/10,4.0514
2005/6/13,4.0918
2005/6/14,4.1072
2005/6/15,4.0995
2005/6/16,4.0667
2005/6/17,4.0705
2005/6/20,4.1091
2005/6/21,4.0396
2005/6/22,3.94
2005/6/23,3.9514
2005/6/24,3.917
2005/6/27,3.9017
2005/6/28,3.9703
2005/6/29,3.9779
2005/6/30,3.913
2005/7/1,4.0489
2005/7/4,4.0373
2005/7/5,4.105
2005/7/6,4.0682
2005/7/7,4.0605
2005/7/8,4.0914
2005/7/11,4.0933
2005/7/12,4.142
2005/7/13,4.1556
2005/7/14,4.1732
2005/7/15,4.1635
2005/7/18,4.2204
2005/7/19,4.1792
2005/7/20,4.1576
2005/7/21,4.2757
2005/7/22,4.2185
2005/7/25,4.2442
2005/7/26,4.2245
2005/7/27,4.2541
2005/7/28,4.1891
2005/7/29,4.276
2005/8/1,4.3099
2005/8/2,4.3338
2005/8/3,4.292
2005/8/4,4.312
2005/8/5,4.3861
2005/8/8,4.4184
2005/8/9,4.3883
2005/8/10,4.3903
2005/8/11,4.3203
2005/8/12,4.2423
2005/8/15,4.281
2005/8/16,4.2056
2005/8/17,4.2674
2005/8/18,4.1978
2005/8/19,4.2054
2005/8/22,4.2073
2005/8/23,4.1784
2005/8/24,4.1649
2005/8/25,4.1553
2005/8/26,4.186
2005/8/29,4.1667
2005/8/30,4.0899
2005/8/31,4.0137
2005/9/1,4.0307
2005/9/2,4.0362
2005/9/5,4.0285
2005/9/6,4.0953
2005/9/7,4.1375
2005/9/8,4.1452
2005/9/9,4.1181
2005/9/12,4.1701
2005/9/13,4.1258
2005/9/14,4.1643
2005/9/15,4.2107
2005/9/16,4.271
2005/9/19,4.2457
2005/9/20,4.2418
2005/9/21,4.166
2005/9/22,4.1795
2005/9/23,4.2456
2005/9/26,4.2906
2005/9/27,4.2808
2005/9/28,4.2534
2005/9/29,4.2945
2005/9/30,4.324
2005/10/3,4.3833
2005/10/4,4.3674
2005/10/5,4.3398
2005/10/6,4.3873
2005/10/7,4.354
2005/10/10,4.3557
2005/10/11,4.3914
2005/10/12,4.4392
2005/10/13,4.4612
2005/10/14,4.4793
2005/10/17,4.4934
2005/10/18,4.4694
2005/10/19,4.4594
2005/10/20,4.4295
2005/10/21,4.3837
2005/10/24,4.4436
2005/10/25,4.5341
2005/10/26,4.5827
2005/10/27,4.5463
2005/10/28,4.5648
2005/10/31,4.5506
2005/11/1,4.5629
2005/11/2,4.6036
2005/11/3,4.6465
2005/11/4,4.659
2005/11/7,4.6223
2005/11/8,4.5512
2005/11/9,4.6388
2005/11/10,4.5535
2005/11/11,4.5333
2005/11/14,4.6043
2005/11/15,4.5569
2005/11/16,4.4706
2005/11/17,4.4569
2005/11/18,4.4881
2005/11/21,4.4588
2005/11/22,4.4256
2005/11/23,4.47
2005/11/24,4.47
2005/11/25,4.4274
2005/11/28,4.404
2005/11/29,4.4743
2005/11/30,4.484
2005/12/1,4.5135
2005/12/2,4.5115
2005/12/5,4.5687
2005/12/6,4.482
2005/12/7,4.5095
2005/12/8,4.4623
2005/12/9,4.5233
2005/12/12,4.547
2005/12/13,4.5193
2005/12/14,4.4563
2005/12/15,4.4602
2005/12/16,4.4327
2005/12/19,4.4385
2005/12/20,4.4601
2005/12/21,4.4877
2005/12/22,4.4267
2005/12/23,4.372
2005/12/27,4.3366
2005/12/28,4.3737
2005/12/29,4.3541
2005/12/30,4.3911
2006/1/2,4.3911
2006/1/3,4.3637
2006/1/4,4.3422
2006/1/5,4.3519
2006/1/6,4.3733
2006/1/9,4.3654
2006/1/10,4.4243
2006/1/11,4.4518
2006/1/12,4.4026
2006/1/13,4.3534
2006/1/16,4.3534
2006/1/17,4.324
2006/1/18,4.3318
2006/1/19,4.3729
2006/1/20,4.3493
2006/1/23,4.3551
2006/1/24,4.3904
2006/1/25,4.4754
2006/1/26,4.5172
2006/1/27,4.5092
2006/1/30,4.5251
2006/1/31,4.5152
2006/2/1,4.5551
2006/2/2,4.5571
2006/2/3,4.5232
2006/2/6,4.5432
2006/2/7,4.5652
2006/2/8,4.5873
2006/2/9,4.5432
2006/2/10,4.5845
2006/2/13,4.5766
2006/2/14,4.6102
2006/2/15,4.5964
2006/2/16,4.5825
2006/2/17,4.5372
2006/2/20,4.5372
2006/2/21,4.5648
2006/2/22,4.5215
2006/2/23,4.5549
2006/2/24,4.5727
2006/2/27,4.5905
2006/2/28,4.551
2006/3/1,4.5845
2006/3/2,4.6282
2006/3/3,4.6801
2006/3/6,4.7504
2006/3/7,4.7223
2006/3/8,4.7263
2006/3/9,4.7243
2006/3/10,4.7567
2006/3/13,4.7668
2006/3/14,4.6924
2006/3/15,4.7266
2006/3/16,4.6404
2006/3/17,4.6705
2006/3/20,4.6565
2006/3/21,4.7167
2006/3/22,4.6986
2006/3/23,4.7329
2006/3/24,4.6686
2006/3/27,4.7028
2006/3/28,4.7797
2006/3/29,4.8041
2006/3/30,4.8551
2006/3/31,4.8472
2006/4/3,4.8615
2006/4/4,4.8637
2006/4/5,4.8433
2006/4/6,4.8987
2006/4/7,4.9774
2006/4/10,4.9526
2006/4/11,4.9197
2006/4/12,4.9777
2006/4/13,5.0447
2006/4/14,5.0448
2006/4/17,5.0032
2006/4/18,4.9824
2006/4/19,5.0221
2006/4/20,5.0389
2006/4/21,5.0079
2006/4/24,4.9768
2006/4/25,5.0667
2006/4/26,5.1046
2006/4/27,5.0669
2006/4/28,5.0505
2006/5/1,5.1369
2006/5/2,5.1075
2006/5/3,5.1414
2006/5/4,5.1521
2006/5/5,5.0997
2006/5/8,5.1104
2006/5/9,5.1211
2006/5/10,5.1234
2006/5/11,5.151
2006/5/12,5.1938
2006/5/15,5.1533
2006/5/16,5.0947
2006/5/17,5.1431
2006/5/18,5.0605
2006/5/19,5.0584
2006/5/22,5.0383
2006/5/23,5.0123
2006/5/24,5.0363
2006/5/25,5.0683
2006/5/26,5.0481
2006/5/29,5.0481
2006/5/30,5.0762
2006/5/31,5.1186
2006/6/1,5.0984
2006/6/2,4.9898
2006/6/5,5.0177
2006/6/6,4.9997
2006/6/7,5.0177
2006/6/8,4.9936
2006/6/9,4.9714
2006/6/12,4.9774
2006/6/13,4.9613
2006/6/14,5.0617
2006/6/15,5.094
2006/6/16,5.1264
2006/6/19,5.1345
2006/6/20,5.1487
2006/6/21,5.1528
2006/6/22,5.208
2006/6/23,5.2223
2006/6/26,5.2326
2006/6/27,5.1998
2006/6/28,5.2429
2006/6/29,5.1936
2006/6/30,5.1364
2006/7/3,5.1486
2006/7/4,5.1486
2006/7/5,5.2204
2006/7/6,5.1793
2006/7/7,5.1261
2006/7/10,5.1241
2006/7/11,5.0996
2006/7/12,5.0976
2006/7/13,5.063
2006/7/14,5.0629
2006/7/17,5.0629
2006/7/18,5.1302
2006/7/19,5.0487
2006/7/20,5.0263
2006/7/21,5.0404
2006/7/24,5.0424
2006/7/25,5.0628
2006/7/26,5.0302
2006/7/27,5.0343
2006/7/28,4.9896
2006/7/31,4.9794
2006/8/1,4.9753
2006/8/2,4.9632
2006/8/3,4.9591
2006/8/4,4.8925
2006/8/7,4.9186
2006/8/8,4.9165
2006/8/9,4.9367
2006/8/10,4.9309
2006/8/11,4.9691
2006/8/14,4.9952
2006/8/15,4.9289
2006/8/16,4.859
2006/8/17,4.863
2006/8/18,4.841
2006/8/21,4.8112
2006/8/22,4.8092
2006/8/23,4.8072
2006/8/24,4.7992
2006/8/25,4.7793
2006/8/28,4.7911
2006/8/29,4.7772
2006/8/30,4.7515
2006/8/31,4.7258
2006/9/1,4.7236
2006/9/4,4.7235
2006/9/5,4.7789
2006/9/6,4.7948
2006/9/7,4.7848
2006/9/8,4.7708
2006/9/11,4.8006
2006/9/12,4.7688
2006/9/13,4.7588
2006/9/14,4.7886
2006/9/15,4.7885
2006/9/18,4.8044
2006/9/19,4.7328
2006/9/20,4.7288
2006/9/21,4.636
2006/9/22,4.5888
2006/9/25,4.5418
2006/9/26,4.5828
2006/9/27,4.5984
2006/9/28,4.612
2006/9/29,4.6276
2006/10/2,4.6
2006/10/3,4.6137
2006/10/4,4.5587
2006/10/5,4.6037
2006/10/6,4.6943
2006/10/9,4.6942
2006/10/10,4.7518
2006/10/11,4.7778
2006/10/12,4.7698
2006/10/13,4.7977
2006/10/16,4.7757
2006/10/17,4.7656
2006/10/18,4.7536
2006/10/19,4.7816
2006/10/20,4.7855
2006/10/23,4.8277
2006/10/24,4.8196
2006/10/25,4.7614
2006/10/26,4.7174
2006/10/27,4.6715
2006/10/30,4.6694
2006/10/31,4.5981
2006/11/1,4.5645
2006/11/2,4.594
2006/11/3,4.715
2006/11/6,4.693
2006/11/7,4.6571
2006/11/8,4.6352
2006/11/9,4.6253
2006/11/10,4.5877
2006/11/13,4.6093
2006/11/14,4.5622
2006/11/15,4.6171
2006/11/16,4.6644
2006/11/17,4.5993
2006/11/20,4.5973
2006/11/21,4.5698
2006/11/22,4.558
2006/11/23,4.5579
2006/11/24,4.548
2006/11/27,4.5285
2006/11/28,4.5011
2006/11/29,4.5206
2006/11/30,4.4581
2006/12/1,4.4327
2006/12/4,4.4229
2006/12/5,4.4403
2006/12/6,4.4851
2006/12/7,4.4811
2006/12/8,4.5437
2006/12/11,4.5182
2006/12/12,4.4848
2006/12/13,4.5791
2006/12/14,4.5968
2006/12/15,4.5928
2006/12/18,4.5809
2006/12/19,4.5888
2006/12/20,4.5947
2006/12/21,4.5454
2006/12/22,4.6185
2006/12/25,4.6184
2006/12/26,4.5986
2006/12/27,4.6503
2006/12/28,4.6802
2006/12/29,4.7022
2007/1/1,4.7022
2007/1/2,4.6802
2007/1/3,4.6582
2007/1/4,4.6024
2007/1/5,4.6442
2007/1/8,4.6522
2007/1/9,4.6542
2007/1/10,4.6843
2007/1/11,4.7305
2007/1/12,4.775
2007/1/15,4.775
2007/1/16,4.7467
2007/1/17,4.7791
2007/1/18,4.7427
2007/1/19,4.7752
2007/1/22,4.759
2007/1/23,4.8077
2007/1/24,4.8077
2007/1/25,4.8731
2007/1/26,4.8733
2007/1/29,4.8897
2007/1/30,4.8693
2007/1/31,4.808
2007/2/1,4.8346
2007/2/2,4.8204
2007/2/5,4.8021
2007/2/6,4.7655
2007/2/7,4.7432
2007/2/8,4.7319
2007/2/9,4.7797
2007/2/12,4.8037
2007/2/13,4.8078
2007/2/14,4.7359
2007/2/15,4.7061
2007/2/16,4.6882
2007/2/19,4.6882
2007/2/20,4.6743
2007/2/21,4.6902
2007/2/22,4.7279
2007/2/23,4.6703
2007/2/26,4.6248
2007/2/27,4.5109
2007/2/28,4.5657
2007/3/1,4.5499
2007/3/2,4.497
2007/3/5,4.495
2007/3/6,4.5282
2007/3/7,4.4871
2007/3/8,4.5125
2007/3/9,4.5871
2007/3/12,4.5516
2007/3/13,4.4907
2007/3/14,4.5338
2007/3/15,4.5358
2007/3/16,4.5435
2007/3/19,4.5632
2007/3/20,4.5494
2007/3/21,4.5356
2007/3/22,4.5829
2007/3/23,4.6105
2007/3/26,4.6006
2007/3/27,4.5966
2007/3/28,4.6204
2007/3/29,4.6423
2007/3/30,4.6443
2007/4/2,4.6403
2007/4/3,4.6642
2007/4/4,4.6482
2007/4/5,4.6782
2007/4/6,4.7485
2007/4/9,4.7425
2007/4/10,4.7184
2007/4/11,4.7304
2007/4/12,4.7345
2007/4/13,4.7608
2007/4/16,4.7346
2007/4/17,4.6803
2007/4/18,4.6502
2007/4/19,4.6642
2007/4/20,4.6703
2007/4/23,4.6402
2007/4/24,4.6202
2007/4/25,4.6502
2007/4/26,4.6964
2007/4/27,4.6924
2007/4/30,4.6222
2007/5/1,4.6362
2007/5/2,4.6422
2007/5/3,4.6723
2007/5/4,4.6382
2007/5/7,4.6262
2007/5/8,4.6342
2007/5/9,4.6618
2007/5/10,4.6379
2007/5/11,4.6717
2007/5/14,4.6936
2007/5/15,4.7016
2007/5/16,4.7096
2007/5/17,4.7517
2007/5/18,4.8001
2007/5/21,4.782
2007/5/22,4.8245
2007/5/23,4.8468
2007/5/24,4.8387
2007/5/25,4.8572
2007/5/28,4.8573
2007/5/29,4.8818
2007/5/30,4.8675
2007/5/31,4.8879
2007/6/1,4.9516
2007/6/4,4.9271
2007/6/5,4.9908
2007/6/6,4.9641
2007/6/7,5.13
2007/6/8,5.0991
2007/6/11,5.1514
2007/6/12,5.2928
2007/6/13,5.1979
2007/6/14,5.2212
2007/6/15,5.1627
2007/6/18,5.1335
2007/6/19,5.0814
2007/6/20,5.1316
2007/6/21,5.1863
2007/6/22,5.13
2007/6/25,5.08
2007/6/26,5.078
2007/6/27,5.0802
2007/6/28,5.1033
2007/6/29,5.0244
2007/7/2,4.9892
2007/7/3,5.0372
2007/7/4,5.0373
2007/7/5,5.1402
2007/7/6,5.1824
2007/7/9,5.1382
2007/7/10,5.0212
2007/7/11,5.086
2007/7/12,5.1239
2007/7/13,5.0928
2007/7/16,5.0385
2007/7/17,5.0491
2007/7/18,5.0283
2007/7/19,5.0159
2007/7/20,4.9497
2007/7/23,4.9477
2007/7/24,4.9085
2007/7/25,4.8983
2007/7/26,4.7854
2007/7/27,4.757
2007/7/30,4.802
2007/7/31,4.7388
2007/8/1,4.7919
2007/8/2,4.7654
2007/8/3,4.6842
2007/8/6,4.7371
2007/8/7,4.7677
2007/8/8,4.8767
2007/8/9,4.7678
2007/8/10,4.8076
2007/8/13,4.7599
2007/8/14,4.7243
2007/8/15,4.7243
2007/8/16,4.6572
2007/8/17,4.6847
2007/8/20,4.6257
2007/8/21,4.5904
2007/8/22,4.6452
2007/8/23,4.6452
2007/8/24,4.6156
2007/8/27,4.5627
2007/8/28,4.5062
2007/8/29,4.5587
2007/8/30,4.5061
2007/8/31,4.5292
2007/9/3,4.5291
2007/9/4,4.5466
2007/9/5,4.4669
2007/9/6,4.5076
2007/9/7,4.3816
2007/9/10,4.322
2007/9/11,4.3679
2007/9/12,4.4102
2007/9/13,4.4643
2007/9/14,4.4544
2007/9/17,4.466
2007/9/18,4.4717
2007/9/19,4.5458
2007/9/20,4.6957
2007/9/21,4.6203
2007/9/24,4.6282
2007/9/25,4.6242
2007/9/26,4.6202
2007/9/27,4.5631
2007/9/28,4.5865
2007/10/1,4.5452
2007/10/2,4.5216
2007/10/3,4.5588
2007/10/4,4.5097
2007/10/5,4.6356
2007/10/8,4.6356
2007/10/9,4.6475
2007/10/10,4.6495
2007/10/11,4.6355
2007/10/12,4.6812
2007/10/15,4.6772
2007/10/16,4.6473
2007/10/17,4.5522
2007/10/18,4.4893
2007/10/19,4.3915
2007/10/22,4.4108
2007/10/23,4.403
2007/10/24,4.3388
2007/10/25,4.3775
2007/10/26,4.4006
2007/10/29,4.3811
2007/10/30,4.379
2007/10/31,4.4708
2007/11/1,4.3458
2007/11/2,4.3165
2007/11/5,4.3338
2007/11/6,4.3726
2007/11/7,4.3084
2007/11/8,4.2829
2007/11/9,4.2133
2007/11/12,4.2133
2007/11/13,4.2635
2007/11/14,4.25
2007/11/15,4.1403
2007/11/16,4.167
2007/11/19,4.0714
2007/11/20,4.0961
2007/11/21,4.0067
2007/11/22,4.0065
2007/11/23,3.9989
2007/11/26,3.8391
2007/11/27,3.9477
2007/11/28,4.0347
2007/11/29,3.9344
2007/11/30,3.9379
2007/12/3,3.8459
2007/12/4,3.8926
2007/12/5,3.9547
2007/12/6,4.0076
2007/12/7,4.1048
2007/12/10,4.1567
2007/12/11,3.9694
2007/12/12,4.0893
2007/12/13,4.2011
2007/12/14,4.234
2007/12/17,4.1449
2007/12/18,4.1179
2007/12/19,4.0278
2007/12/20,4.0507
2007/12/21,4.1679
2007/12/24,4.2125
2007/12/25,4.2125
2007/12/26,4.2749
2007/12/27,4.1969
2007/12/28,4.0732
2007/12/31,4.0232
2008/1/1,4.0231
2008/1/2,3.9033
2008/1/3,3.8918
2008/1/4,3.8651
2008/1/7,3.8311
2008/1/8,3.7822
2008/1/9,3.8215
2008/1/10,3.8837
2008/1/11,3.7835
2008/1/14,3.7647
2008/1/15,3.6751
2008/1/16,3.7345
2008/1/17,3.6211
2008/1/18,3.6297
2008/1/21,3.6296
2008/1/22,3.4332
2008/1/23,3.598
2008/1/24,3.7018
2008/1/25,3.5494
2008/1/28,3.5806
2008/1/29,3.6769
2008/1/30,3.6656
2008/1/31,3.5931
2008/2/1,3.5926
2008/2/4,3.6444
2008/2/5,3.5701
2008/2/6,3.5885
2008/2/7,3.7569
2008/2/8,3.6428
2008/2/11,3.6144
2008/2/12,3.6579
2008/2/13,3.7282
2008/2/14,3.8163
2008/2/15,3.7686
2008/2/18,3.7686
2008/2/19,3.8959
2008/2/20,3.8902
2008/2/21,3.7706
2008/2/22,3.8016
2008/2/25,3.8964
2008/2/26,3.8596
2008/2/27,3.8481
2008/2/28,3.6697
2008/2/29,3.5092
2008/3/3,3.5468
2008/3/4,3.6242
2008/3/5,3.668
2008/3/6,3.5826
2008/3/7,3.5317
2008/3/10,3.4549
2008/3/11,3.5921
2008/3/12,3.4604
2008/3/13,3.5261
2008/3/14,3.4679
2008/3/17,3.3061
2008/3/18,3.4828
2008/3/19,3.3282
2008/3/20,3.3336
2008/3/21,3.3335
2008/3/24,3.5563
2008/3/25,3.5053
2008/3/26,3.4602
2008/3/27,3.528
2008/3/28,3.4414
2008/3/31,3.4096
2008/4/1,3.5583
2008/4/2,3.5963
2008/4/3,3.5773
2008/4/4,3.4657
2008/4/7,3.5356
2008/4/8,3.5564
2008/4/9,3.4807
2008/4/10,3.5394
2008/4/11,3.4694
2008/4/14,3.5109
2008/4/15,3.6003
2008/4/16,3.6886
2008/4/17,3.7273
2008/4/18,3.7061
2008/4/21,3.7255
2008/4/22,3.6908
2008/4/23,3.7314
2008/4/24,3.8249
2008/4/25,3.8703
2008/4/28,3.8252
2008/4/29,3.8194
2008/4/30,3.7279
2008/5/1,3.763
2008/5/2,3.8551
2008/5/5,3.867
2008/5/6,3.9164
2008/5/7,3.8475
2008/5/8,3.7748
2008/5/9,3.7692
2008/5/12,3.7974
2008/5/13,3.9131
2008/5/14,3.9112
2008/5/15,3.8144
2008/5/16,3.8446
2008/5/19,3.8294
2008/5/20,3.7746
2008/5/21,3.8067
2008/5/22,3.9111
2008/5/23,3.8425
2008/5/26,3.8425
2008/5/27,3.9188
2008/5/28,4.0033
2008/5/29,4.075
2008/5/30,4.0595
2008/6/2,3.9571
2008/6/3,3.8939
2008/6/4,3.9764
2008/6/5,4.0383
2008/6/6,3.9092
2008/6/9,3.9977
2008/6/10,4.1027
2008/6/11,4.0735
2008/6/12,4.2108
2008/6/13,4.2565
2008/6/16,4.2666
2008/6/17,4.1973
2008/6/18,4.1363
2008/6/19,4.2073
2008/6/20,4.1641
2008/6/23,4.1641
2008/6/24,4.0818
2008/6/25,4.0994
2008/6/26,4.033
2008/6/27,3.9652
2008/6/30,3.969
2008/7/1,4.0021
2008/7/2,3.9575
2008/7/3,3.975
2008/7/4,3.975
2008/7/7,3.8995
2008/7/8,3.8822
2008/7/9,3.8112
2008/7/10,3.7959
2008/7/11,3.9576
2008/7/14,3.8553
2008/7/15,3.8188
2008/7/16,3.9344
2008/7/17,3.9907
2008/7/18,4.0828
2008/7/21,4.0417
2008/7/22,4.0987
2008/7/23,4.1165
2008/7/24,3.9968
2008/7/25,4.0969
2008/7/28,4.0008
2008/7/29,4.038
2008/7/30,4.0439
2008/7/31,3.9462
2008/8/1,3.9307
2008/8/4,3.9619
2008/8/5,4.0167
2008/8/6,4.0501
2008/8/7,3.92
2008/8/8,3.9276
2008/8/11,3.9904
2008/8/12,3.8954
2008/8/13,3.9314
2008/8/14,3.886
2008/8/15,3.8349
2008/8/18,3.8104
2008/8/19,3.8292
2008/8/20,3.8009
2008/8/21,3.8291
2008/8/22,3.8704
2008/8/25,3.7837
2008/8/26,3.7743
2008/8/27,3.763
2008/8/28,3.7779
2008/8/29,3.8116
2008/9/1,3.8115
2008/9/2,3.7326
2008/9/3,3.699
2008/9/4,3.6227
2008/9/5,3.6986
2008/9/8,3.6743
2008/9/9,3.5668
2008/9/10,3.6295
2008/9/11,3.6425
2008/9/12,3.7187
2008/9/15,3.3868
2008/9/16,3.4357
2008/9/17,3.4137
2008/9/18,3.5437
2008/9/19,3.8105
2008/9/22,3.8351
2008/9/23,3.7991
2008/9/24,3.8104
2008/9/25,3.854
2008/9/26,3.852
2008/9/29,3.5776
2008/9/30,3.8234
2008/10/1,3.7382
2008/10/2,3.6276
2008/10/3,3.6031
2008/10/6,3.4532
2008/10/7,3.5028
2008/10/8,3.6401
2008/10/9,3.785
2008/10/10,3.8705
2008/10/13,3.978
2008/10/14,4.0772
2008/10/15,3.9453
2008/10/16,3.9569
2008/10/17,3.9299
2008/10/20,3.8416
2008/10/21,3.7388
2008/10/22,3.594
2008/10/23,3.6745
2008/10/24,3.6856
2008/10/27,3.6874
2008/10/28,3.8336
2008/10/29,3.8546
2008/10/30,3.9645
2008/10/31,3.953
2008/11/3,3.9141
2008/11/4,3.7247
2008/11/5,3.7019
2008/11/6,3.6886
2008/11/7,3.7929
2008/11/10,3.7432
2008/11/11,3.7432
2008/11/12,3.6466
2008/11/13,3.8525
2008/11/14,3.7349
2008/11/17,3.6484
2008/11/18,3.5293
2008/11/19,3.3205
2008/11/20,3.0131
2008/11/21,3.1974
2008/11/24,3.3236
2008/11/25,3.1078
2008/11/26,2.9784
2008/11/27,2.9778
2008/11/28,2.92
2008/12/1,2.7309
2008/12/2,2.6724
2008/12/3,2.6585
2008/12/4,2.5513
2008/12/5,2.7037
2008/12/8,2.7378
2008/12/9,2.6399
2008/12/10,2.6824
2008/12/11,2.6019
2008/12/12,2.5705
2008/12/15,2.5127
2008/12/16,2.2558
2008/12/17,2.1915
2008/12/18,2.0788
2008/12/19,2.1231
2008/12/22,2.17
2008/12/23,2.1729
2008/12/24,2.182
2008/12/25,2.1809
2008/12/26,2.1318
2008/12/29,2.0989
2008/12/30,2.053
2008/12/31,2.2123
2009/1/1,2.2123
2009/1/2,2.3688
2009/1/5,2.4812
2009/1/6,2.4454
2009/1/7,2.4942
2009/1/8,2.4398
2009/1/9,2.39
2009/1/12,2.3044
2009/1/13,2.2924
2009/1/14,2.1993
2009/1/15,2.2055
2009/1/16,2.3188
2009/1/19,2.3184
2009/1/20,2.3771
2009/1/21,2.536
2009/1/22,2.5922
2009/1/23,2.6172
2009/1/26,2.6411
2009/1/27,2.5274
2009/1/28,2.6665
2009/1/29,2.8586
2009/1/30,2.8403
2009/2/2,2.7226
2009/2/3,2.884
2009/2/4,2.9353
2009/2/5,2.912
2009/2/6,2.9917
2009/2/9,2.9844
2009/2/10,2.8136
2009/2/11,2.7537
2009/2/12,2.7824
2009/2/13,2.8894
2009/2/16,2.8895
2009/2/17,2.648
2009/2/18,2.7554
2009/2/19,2.8531
2009/2/20,2.7879
2009/2/23,2.7536
2009/2/24,2.7951
2009/2/25,2.9263
2009/2/26,2.9908
2009/2/27,3.0131
2009/3/2,2.8624
2009/3/3,2.8771
2009/3/4,2.9745
2009/3/5,2.8115
2009/3/6,2.8717
2009/3/9,2.8589
2009/3/10,3.0044
2009/3/11,2.9048
2009/3/12,2.8535
2009/3/13,2.8902
2009/3/16,2.9529
2009/3/17,3.0066
2009/3/18,2.533
2009/3/19,2.6023
2009/3/20,2.6344
2009/3/23,2.6523
2009/3/24,2.701
2009/3/25,2.7844
2009/3/26,2.7389
2009/3/27,2.7571
2009/3/30,2.7117
2009/3/31,2.6629
2009/4/1,2.6539
2009/4/2,2.7662
2009/4/3,2.8853
2009/4/6,2.9223
2009/4/7,2.8965
2009/4/8,2.8559
2009/4/9,2.9207
2009/4/10,2.9226
2009/4/13,2.8579
2009/4/14,2.7845
2009/4/15,2.7644
2009/4/16,2.8303
2009/4/17,2.9451
2009/4/20,2.8359
2009/4/21,2.8969
2009/4/22,2.9397
2009/4/23,2.9193
2009/4/24,2.9903
2009/4/27,2.9083
2009/4/28,3.0073
2009/4/29,3.1073
2009/4/30,3.1187
2009/5/1,3.1533
2009/5/4,3.1514
2009/5/5,3.1592
2009/5/6,3.1612
2009/5/7,3.3341
2009/5/8,3.2856
2009/5/11,3.1654
2009/5/12,3.1727
2009/5/13,3.1195
2009/5/14,3.0884
2009/5/15,3.1341
2009/5/18,3.23
2009/5/19,3.243
2009/5/20,3.1912
2009/5/21,3.3644
2009/5/22,3.4495
2009/5/25,3.4496
2009/5/26,3.5467
2009/5/27,3.7381
2009/5/28,3.6122
2009/5/29,3.4594
2009/6/1,3.6726
2009/6/2,3.6127
2009/6/3,3.5398
2009/6/4,3.7099
2009/6/5,3.8279
2009/6/8,3.8736
2009/6/9,3.8559
2009/6/10,3.9455
2009/6/11,3.8543
2009/6/12,3.7916
2009/6/15,3.7113
2009/6/16,3.6588
2009/6/17,3.6882
2009/6/18,3.8277
2009/6/19,3.7808
2009/6/22,3.681
2009/6/23,3.6208
2009/6/24,3.6851
2009/6/25,3.5398
2009/6/26,3.5363
2009/6/29,3.4768
2009/6/30,3.5326
2009/7/1,3.5365
2009/7/2,3.4946
2009/7/3,3.4985
2009/7/6,3.5063
2009/7/7,3.4544
2009/7/8,3.3081
2009/7/9,3.403
2009/7/10,3.3026
2009/7/13,3.35
2009/7/14,3.4703
2009/7/15,3.6038
2009/7/16,3.5689
2009/7/17,3.6433
2009/7/20,3.6063
2009/7/21,3.4824
2009/7/22,3.5443
2009/7/23,3.6555
2009/7/24,3.6578
2009/7/27,3.7189
2009/7/28,3.6856
2009/7/29,3.6582
2009/7/30,3.6074
2009/7/31,3.4796
2009/8/3,3.6333
2009/8/4,3.6845
2009/8/5,3.7459
2009/8/6,3.7501
2009/8/7,3.8502
2009/8/10,3.7765
2009/8/11,3.6677
2009/8/12,3.7172
2009/8/13,3.595
2009/8/14,3.5688
2009/8/17,3.4684
2009/8/18,3.5092
2009/8/19,3.4517
2009/8/20,3.4313
2009/8/21,3.5649
2009/8/24,3.4755
2009/8/25,3.4348
2009/8/26,3.4329
2009/8/27,3.4531
2009/8/28,3.4456
2009/8/31,3.3975
2009/9/1,3.3625
2009/9/2,3.3056
2009/9/3,3.344
2009/9/4,3.4378
2009/9/7,3.4415
2009/9/8,3.4823
2009/9/9,3.4711
2009/9/10,3.3472
2009/9/11,3.347
2009/9/14,3.4208
2009/9/15,3.4541
2009/9/16,3.469
2009/9/17,3.3836
2009/9/18,3.4632
2009/9/21,3.4799
2009/9/22,3.4445
2009/9/23,3.4184
2009/9/24,3.3813
2009/9/25,3.3184
2009/9/28,3.2797
2009/9/29,3.2906
2009/9/30,3.3053
2009/10/1,3.179
2009/10/2,3.2188
2009/10/5,3.2205
2009/10/6,3.2552
2009/10/7,3.182
2009/10/8,3.2477
2009/10/9,3.3802
2009/10/12,3.3783
2009/10/13,3.3468
2009/10/14,3.4136
2009/10/15,3.4565
2009/10/16,3.4115
2009/10/19,3.3891
2009/10/20,3.3407
2009/10/21,3.3853
2009/10/22,3.4132
2009/10/23,3.49
2009/10/26,3.5542
2009/10/27,3.4448
2009/10/28,3.4148
2009/10/29,3.4974
2009/10/30,3.3828
2009/11/2,3.4145
2009/11/3,3.4652
2009/11/4,3.5237
2009/11/5,3.5236
2009/11/6,3.4971
2009/11/9,3.4857
2009/11/10,3.4724
2009/11/11,3.4831
2009/11/12,3.4438
2009/11/13,3.4177
2009/11/16,3.3343
2009/11/17,3.3232
2009/11/18,3.3638
2009/11/19,3.3361
2009/11/20,3.3656
2009/11/23,3.3489
2009/11/24,3.3027
2009/11/25,3.2695
2009/11/26,3.2694
2009/11/27,3.2051
2009/11/30,3.1978
2009/12/1,3.2822
2009/12/2,3.3099
2009/12/3,3.3842
2009/12/4,3.4722
2009/12/7,3.429
2009/12/8,3.3804
2009/12/9,3.4328
2009/12/10,3.4967
2009/12/11,3.5498
2009/12/14,3.548
2009/12/15,3.5861
2009/12/16,3.5975
2009/12/17,3.478
2009/12/18,3.5368
2009/12/21,3.6745
2009/12/22,3.7538
2009/12/23,3.7481
2009/12/24,3.8029
2009/12/25,3.803
2009/12/28,3.8402
2009/12/29,3.7972
2009/12/30,3.7856
2009/12/31,3.8368
2010/1/1,3.835
2010/1/4,3.8155
2010/1/5,3.7608
2010/1/6,3.8215
2010/1/7,3.8235
2010/1/8,3.8297
2010/1/11,3.818
2010/1/12,3.7108
2010/1/13,3.7908
2010/1/14,3.7382
2010/1/15,3.6744
2010/1/18,3.6745
2010/1/19,3.6919
2010/1/20,3.6474
2010/1/21,3.5858
2010/1/22,3.6071
2010/1/25,3.6265
2010/1/26,3.6188
2010/1/27,3.6479
2010/1/28,3.6344
2010/1/29,3.5844
2010/2/1,3.6501
2010/2/2,3.6405
2010/2/3,3.7047
2010/2/4,3.6058
2010/2/5,3.5654
2010/2/8,3.5597
2010/2/9,3.6448
2010/2/10,3.6897
2010/2/11,3.7155
2010/2/12,3.6928
2010/2/15,3.6909
2010/2/16,3.6569
2010/2/17,3.7307
2010/2/18,3.8012
2010/2/19,3.7726
2010/2/22,3.7955
2010/2/23,3.6834
2010/2/24,3.6909
2010/2/25,3.6324
2010/2/26,3.6117
2010/3/1,3.6079
2010/3/2,3.6041
2010/3/3,3.6173
2010/3/4,3.6022
2010/3/5,3.6796
2010/3/8,3.7157
2010/3/9,3.7005
2010/3/10,3.7215
2010/3/11,3.7272
2010/3/12,3.7006
2010/3/15,3.6949
2010/3/16,3.6493
2010/3/17,3.6361
2010/3/18,3.6759
2010/3/19,3.6892
2010/3/22,3.6588
2010/3/23,3.6854
2010/3/24,3.8524
2010/3/25,3.8777
2010/3/26,3.8468
2010/3/29,3.8643
2010/3/30,3.8566
2010/3/31,3.8257
2010/4/1,3.8685
2010/4/2,3.9446
2010/4/5,3.9859
2010/4/6,3.9505
2010/4/7,3.8531
2010/4/8,3.8901
2010/4/9,3.8825
2010/4/12,3.8417
2010/4/13,3.8204
2010/4/14,3.8593
2010/4/15,3.8321
2010/4/16,3.7626
2010/4/19,3.7974
2010/4/20,3.7993
2010/4/21,3.7356
2010/4/22,3.7723
2010/4/23,3.8092
2010/4/26,3.8054
2010/4/27,3.6877
2010/4/28,3.7628
2010/4/29,3.7243
2010/4/30,3.6532
2010/5/3,3.682
2010/5/4,3.5902
2010/5/5,3.5388
2010/5/6,3.3938
2010/5/7,3.4255
2010/5/10,3.5406
2010/5/11,3.5235
2010/5/12,3.571
2010/5/13,3.5261
2010/5/14,3.4534
2010/5/17,3.4869
2010/5/18,3.3462
2010/5/19,3.3682
2010/5/20,3.2126
2010/5/21,3.2379
2010/5/24,3.1942
2010/5/25,3.1578
2010/5/26,3.1886
2010/5/27,3.3605
2010/5/28,3.2922
2010/5/31,3.2848
2010/6/1,3.2591
2010/6/2,3.34
2010/6/3,3.3639
2010/6/4,3.2023
2010/6/7,3.1422
2010/6/8,3.1857
2010/6/9,3.1729
2010/6/10,3.3193
2010/6/11,3.2346
2010/6/14,3.2529
2010/6/15,3.3025
2010/6/16,3.2601
2010/6/17,3.1887
2010/6/18,3.2195
2010/6/21,3.2414
2010/6/22,3.1664
2010/6/23,3.119
2010/6/24,3.1371
2010/6/25,3.1078
2010/6/28,3.021
2010/6/29,2.9491
2010/6/30,2.9311
2010/7/1,2.947
2010/7/2,2.977
2010/7/5,2.9733
2010/7/6,2.9302
2010/7/7,2.9803
2010/7/8,3.0306
2010/7/9,3.052
2010/7/12,3.0628
2010/7/13,3.1208
2010/7/14,3.0426
2010/7/15,2.9937
2010/7/16,2.9215
2010/7/19,2.9537
2010/7/20,2.9481
2010/7/21,2.8782
2010/7/22,2.9353
2010/7/23,2.9943
2010/7/26,2.9924
2010/7/27,3.0485
2010/7/28,2.985
2010/7/29,2.9794
2010/7/30,2.9052
2010/8/2,2.9609
2010/8/3,2.9085
2010/8/4,2.9498
2010/8/5,2.9011
2010/8/6,2.8166
2010/8/9,2.8289
2010/8/10,2.7593
2010/8/11,2.6814
2010/8/12,2.7455
2010/8/13,2.6716
2010/8/16,2.5626
2010/8/17,2.6321
2010/8/18,2.6321
2010/8/19,2.575
2010/8/20,2.6106
2010/8/23,2.5981
2010/8/24,2.488
2010/8/25,2.534
2010/8/26,2.4755
2010/8/27,2.6447
2010/8/30,2.5285
2010/8/31,2.4683
2010/9/1,2.573
2010/9/2,2.6231
2010/9/3,2.697
2010/9/6,2.7025
2010/9/7,2.5944
2010/9/8,2.6555
2010/9/9,2.7588
2010/9/10,2.7917
2010/9/13,2.748
2010/9/14,2.679
2010/9/15,2.7207
2010/9/16,2.7608
2010/9/17,2.7372
2010/9/20,2.7026
2010/9/21,2.5727
2010/9/22,2.5583
2010/9/23,2.5511
2010/9/24,2.605
2010/9/27,2.5242
2010/9/28,2.4653
2010/9/29,2.5027
2010/9/30,2.5098
2010/10/1,2.5097
2010/10/4,2.4758
2010/10/5,2.4722
2010/10/6,2.3976
2010/10/7,2.3834
2010/10/8,2.392
2010/10/11,2.3919
2010/10/12,2.4309
2010/10/13,2.422
2010/10/14,2.5076
2010/10/15,2.5597
2010/10/18,2.5075
2010/10/19,2.4752
2010/10/20,2.4788
2010/10/21,2.5452
2010/10/22,2.5541
2010/10/25,2.5613
2010/10/26,2.6393
2010/10/27,2.7198
2010/10/28,2.6576
2010/10/29,2.5993
2010/11/1,2.6229
2010/11/2,2.5866
2010/11/3,2.5702
2010/11/4,2.489
2010/11/5,2.5304
2010/11/8,2.5502
2010/11/9,2.6558
2010/11/10,2.6286
2010/11/11,2.6447
2010/11/12,2.7871
2010/11/15,2.9593
2010/11/16,2.84
2010/11/17,2.8766
2010/11/18,2.895
2010/11/19,2.8713
2010/11/22,2.8019
2010/11/23,2.7729
2010/11/24,2.912
2010/11/25,2.9085
2010/11/26,2.8663
2010/11/29,2.8205
2010/11/30,2.7968
2010/12/1,2.9642
2010/12/2,2.9885
2010/12/3,3.0055
2010/12/6,2.9201
2010/12/7,3.1257
2010/12/8,3.2723
2010/12/9,3.2037
2010/12/10,3.319
2010/12/13,3.275
2010/12/14,3.4727
2010/12/15,3.5318
2010/12/16,3.4224
2010/12/17,3.3279
2010/12/20,3.3358
2010/12/21,3.3031
2010/12/22,3.3458
2010/12/23,3.3892
2010/12/24,3.3933
2010/12/27,3.3294
2010/12/28,3.4795
2010/12/29,3.3489
2010/12/30,3.3646
2010/12/31,3.2935
2011/1/3,3.3324
2011/1/4,3.3287
2011/1/5,3.4654
2011/1/6,3.3932
2011/1/7,3.3237
2011/1/10,3.2832
2011/1/11,3.3396
2011/1/12,3.365
2011/1/13,3.2972
2011/1/14,3.3231
2011/1/17,3.3291
2011/1/18,3.3663
2011/1/19,3.339
2011/1/20,3.4488
2011/1/21,3.4042
2011/1/24,3.4044
2011/1/25,3.3284
2011/1/26,3.4146
2011/1/27,3.3873
2011/1/28,3.3214
2011/1/31,3.3704
2011/2/1,3.4394
2011/2/2,3.4771
2011/2/3,3.5488
2011/2/4,3.6356
2011/2/7,3.6299
2011/2/8,3.7373
2011/2/9,3.6465
2011/2/10,3.6928
2011/2/11,3.6288
2011/2/14,3.6194
2011/2/15,3.6044
2011/2/16,3.6193
2011/2/17,3.5725
2011/2/18,3.5799
2011/2/21,3.5874
2011/2/22,3.4533
2011/2/23,3.4848
2011/2/24,3.4477
2011/2/25,3.4125
2011/2/28,3.4272
2011/3/1,3.3921
2011/3/2,3.4697
2011/3/3,3.5554
2011/3/4,3.49
2011/3/7,3.5123
2011/3/8,3.5477
2011/3/9,3.4675
2011/3/10,3.3584
2011/3/11,3.4025
2011/3/14,3.3563
2011/3/15,3.303
2011/3/16,3.17
2011/3/17,3.255
2011/3/18,3.2678
2011/3/21,3.3282
2011/3/22,3.3263
2011/3/23,3.3501
2011/3/24,3.4037
2011/3/25,3.4388
2011/3/28,3.4313
2011/3/29,3.4872
2011/3/30,3.4349
2011/3/31,3.4703
2011/4/1,3.4422
2011/4/4,3.4179
2011/4/5,3.4795
2011/4/6,3.5452
2011/4/7,3.5451
2011/4/8,3.5772
2011/4/11,3.5847
2011/4/12,3.4904
2011/4/13,3.4585
2011/4/14,3.4979
2011/4/15,3.4079
2011/4/18,3.3743
2011/4/19,3.3631
2011/4/20,3.4077
2011/4/21,3.3963
2011/4/22,3.3907
2011/4/25,3.3627
2011/4/26,3.307
2011/4/27,3.3552
2011/4/28,3.3106
2011/4/29,3.2863
2011/5/2,3.2788
2011/5/3,3.2473
2011/5/4,3.2159
2011/5/5,3.1499
2011/5/6,3.1459
2011/5/9,3.1604
2011/5/10,3.2135
2011/5/11,3.1593
2011/5/12,3.2225
2011/5/13,3.1709
2011/5/16,3.147
2011/5/17,3.1158
2011/5/18,3.1801
2011/5/19,3.1709
2011/5/20,3.1451
2011/5/23,3.1286
2011/5/24,3.1139
2011/5/25,3.1304
2011/5/26,3.0572
2011/5/27,3.0735
2011/5/30,3.0735
2011/5/31,3.0607
2011/6/1,2.9408
2011/6/2,3.0297
2011/6/3,2.9859
2011/6/6,2.995
2011/6/7,2.9949
2011/6/8,2.9387
2011/6/9,2.9967
2011/6/10,2.9693
2011/6/13,2.9838
2011/6/14,3.0972
2011/6/15,2.9692
2011/6/16,2.9274
2011/6/17,2.9445
2011/6/20,2.958
2011/6/21,2.9835
2011/6/22,2.9825
2011/6/23,2.9116
2011/6/24,2.8636
2011/6/27,2.9305
2011/6/28,3.0308
2011/6/29,3.1118
2011/6/30,3.16
2011/7/1,3.1823
2011/7/4,3.1823
2011/7/5,3.121
2011/7/6,3.108
2011/7/7,3.1377
2011/7/8,3.0268
2011/7/11,2.9189
2011/7/12,2.877
2011/7/13,2.8824
2011/7/14,2.9534
2011/7/15,2.9058
2011/7/18,2.9276
2011/7/19,2.8802
2011/7/20,2.9275
2011/7/21,3.0136
2011/7/22,2.9621
2011/7/25,3.0006
2011/7/26,2.9529
2011/7/27,2.9803
2011/7/28,2.9454
2011/7/29,2.7961
2011/8/1,2.7437
2011/8/2,2.6114
2011/8/3,2.6202
2011/8/4,2.4028
2011/8/5,2.5585
2011/8/8,2.3179
2011/8/9,2.2488
2011/8/10,2.1061
2011/8/11,2.3399
2011/8/12,2.2548
2011/8/15,2.3053
2011/8/16,2.2196
2011/8/17,2.1652
2011/8/18,2.0624
2011/8/19,2.0623
2011/8/22,2.1058
2011/8/23,2.153
2011/8/24,2.2994
2011/8/25,2.2286
2011/8/26,2.1899
2011/8/29,2.2561
2011/8/30,2.1767
2011/8/31,2.2234
2011/9/1,2.1302
2011/9/2,1.9857
2011/9/5,1.9857
2011/9/6,1.984
2011/9/7,2.0429
2011/9/8,1.9787
2011/9/9,1.9183
2011/9/12,1.9475
2011/9/13,1.9906
2011/9/14,1.9837
2011/9/15,2.082
2011/9/16,2.0479
2011/9/19,1.9506
2011/9/20,1.9385
2011/9/21,1.8576
2011/9/22,1.718
2011/9/23,1.8334
2011/9/26,1.9002
2011/9/27,1.9711
2011/9/28,1.9797
2011/9/29,1.9962
2011/9/30,1.9154
2011/10/3,1.756
2011/10/4,1.8207
2011/10/5,1.8877
2011/10/6,1.9872
2011/10/7,2.0764
2011/10/10,2.0764
2011/10/11,2.1496
2011/10/12,2.2101
2011/10/13,2.1834
2011/10/14,2.2477
2011/10/17,2.155
2011/10/18,2.1763
2011/10/19,2.1603
2011/10/20,2.1888
2011/10/21,2.2192
2011/10/24,2.2336
2011/10/25,2.1089
2011/10/26,2.2041
2011/10/27,2.3964
2011/10/28,2.3167
2011/10/31,2.1133
2011/11/1,1.9889
2011/11/2,1.9854
2011/11/3,2.0734
2011/11/4,2.0327
2011/11/7,2.0371
2011/11/8,2.0769
2011/11/9,1.9615
2011/11/10,2.0564
2011/11/11,2.0564
2011/11/14,2.0556
2011/11/15,2.0451
2011/11/16,2
2011/11/17,1.9602
2011/11/18,2.0104
2011/11/21,1.955
2011/11/22,1.917
2011/11/23,1.8835
2011/11/24,1.8835
2011/11/25,1.9635
2011/11/28,1.9739
2011/11/29,1.9913
2011/11/30,2.068
2011/12/1,2.0873
2011/12/2,2.0331
2011/12/5,2.0436
2011/12/6,2.0891
2011/12/7,2.0296
2011/12/8,1.9704
2011/12/9,2.0611
2011/12/12,2.0121
2011/12/13,1.9651
2011/12/14,1.9027
2011/12/15,1.9079
2011/12/16,1.8474
2011/12/19,1.8096
2011/12/20,1.9233
2011/12/21,1.9668
2011/12/22,1.9476
2011/12/23,2.0244
2011/12/26,2.0244
2011/12/27,2.0052
2011/12/28,1.9162
2011/12/29,1.8988
2011/12/30,1.8762
2012/1/2,1.8762
2012/1/3,1.9474
2012/1/4,1.9771
2012/1/5,1.9946
2012/1/6,1.9578
2012/1/9,1.9578
2012/1/10,1.9683
2012/1/11,1.9037
2012/1/12,1.9228
2012/1/13,1.8636
2012/1/16,1.8636
2012/1/17,1.8566
2012/1/18,1.8983
2012/1/19,1.977
2012/1/20,2.0246
2012/1/23,2.0511
2012/1/24,2.06
2012/1/25,1.9946
2012/1/26,1.9313
2012/1/27,1.891
2012/1/30,1.8439
2012/1/31,1.7971
2012/2/1,1.8265
2012/2/2,1.8212
2012/2/3,1.9224
2012/2/6,1.9066
2012/2/7,1.9734
2012/2/8,1.9822
2012/2/9,2.0364
2012/2/10,1.9862
2012/2/13,1.9741
2012/2/14,1.9361
2012/2/15,1.9275
2012/2/16,1.9827
2012/2/17,2.0017
2012/2/20,2.0017
2012/2/21,2.0591
2012/2/22,2.0034
2012/2/23,1.9965
2012/2/24,1.9757
2012/2/27,1.9255
2012/2/28,1.9428
2012/2/29,1.9705
2012/3/1,2.0261
2012/3/2,1.9739
2012/3/5,2.0104
2012/3/6,1.9427
2012/3/7,1.9756
2012/3/8,2.0121
2012/3/9,2.0279
2012/3/12,2.0331
2012/3/13,2.1263
2012/3/14,2.2686
2012/3/15,2.2794
2012/3/16,2.294
2012/3/19,2.3772
2012/3/20,2.3591
2012/3/21,2.296
2012/3/22,2.2781
2012/3/23,2.2317
2012/3/26,2.2479
2012/3/27,2.1836
2012/3/28,2.1997
2012/3/29,2.1587
2012/3/30,2.2088
2012/4/2,2.182
2012/4/3,2.2988
2012/4/4,2.2233
2012/4/5,2.1805
2012/4/6,2.0545
2012/4/9,2.0474
2012/4/10,1.9823
2012/4/11,2.0351
2012/4/12,2.051
2012/4/13,1.9823
2012/4/16,1.9805
2012/4/17,1.9981
2012/4/18,1.9753
2012/4/19,1.9665
2012/4/20,1.9629
2012/4/23,1.9349
2012/4/24,1.9735
2012/4/25,1.984
2012/4/26,1.9383
2012/4/27,1.9348
2012/4/30,1.9137
2012/5/1,1.9435
2012/5/2,1.9277
2012/5/3,1.9312
2012/5/4,1.8786
2012/5/7,1.8716
2012/5/8,1.8402
2012/5/9,1.8227
2012/5/10,1.867
2012/5/11,1.8376
2012/5/14,1.7637
2012/5/15,1.7671
2012/5/16,1.7603
2012/5/17,1.6971
2012/5/18,1.7226
2012/5/21,1.7414
2012/5/22,1.7688
2012/5/23,1.7346
2012/5/24,1.7774
2012/5/25,1.738
2012/5/28,1.738
2012/5/29,1.7448
2012/5/30,1.622
2012/5/31,1.5578
2012/6/1,1.452
2012/6/4,1.5239
2012/6/5,1.5744
2012/6/6,1.6592
2012/6/7,1.6388
2012/6/8,1.6353
2012/6/11,1.586
2012/6/12,1.6642
2012/6/13,1.5927
2012/6/14,1.642
2012/6/15,1.5773
2012/6/18,1.5738
2012/6/19,1.6197
2012/6/20,1.6572
2012/6/21,1.6162
2012/6/22,1.6742
2012/6/25,1.6024
2012/6/26,1.6262
2012/6/27,1.6177
2012/6/28,1.5768
2012/6/29,1.6449
2012/7/2,1.5885
2012/7/3,1.6294
2012/7/4,1.6294
2012/7/5,1.5969
2012/7/6,1.5491
2012/7/9,1.5117
2012/7/10,1.5015
2012/7/11,1.5167
2012/7/12,1.4743
2012/7/13,1.4876
2012/7/16,1.4724
2012/7/17,1.5078
2012/7/18,1.4942
2012/7/19,1.5077
2012/7/20,1.4567
2012/7/23,1.4263
2012/7/24,1.3875
2012/7/25,1.3975
2012/7/26,1.4378
2012/7/27,1.5463
2012/7/30,1.5019
2012/7/31,1.4679
2012/8/1,1.524
2012/8/2,1.4779
2012/8/3,1.5631
2012/8/6,1.5664
2012/8/7,1.6283
2012/8/8,1.6491
2012/8/9,1.6881
2012/8/10,1.6573
2012/8/13,1.6642
2012/8/14,1.7378
2012/8/15,1.8155
2012/8/16,1.8346
2012/8/17,1.8105
2012/8/20,1.8053
2012/8/21,1.7984
2012/8/22,1.6916
2012/8/23,1.6779
2012/8/24,1.6865
2012/8/27,1.6506
2012/8/28,1.6335
2012/8/29,1.6506
2012/8/30,1.6233
2012/8/31,1.5484
2012/9/3,1.5484
2012/9/4,1.5722
2012/9/5,1.596
2012/9/6,1.6781
2012/9/7,1.6678
2012/9/10,1.6541
2012/9/11,1.7005
2012/9/12,1.7576
2012/9/13,1.723
2012/9/14,1.866
2012/9/17,1.8415
2012/9/18,1.8083
2012/9/19,1.7718
2012/9/20,1.764
2012/9/21,1.7528
2012/9/24,1.7094
2012/9/25,1.6662
2012/9/26,1.6095
2012/9/27,1.6542
2012/9/28,1.6335
2012/10/1,1.6249
2012/10/2,1.6198
2012/10/3,1.6146
2012/10/4,1.6732
2012/10/5,1.7428
2012/10/8,1.7428
2012/10/9,1.7132
2012/10/10,1.6742
2012/10/11,1.6699
2012/10/12,1.656
2012/10/15,1.663
2012/10/16,1.7186
2012/10/17,1.8185
2012/10/18,1.8344
2012/10/19,1.7633
2012/10/22,1.8134
2012/10/23,1.7572
2012/10/24,1.7889
2012/10/25,1.8233
2012/10/26,1.7451
2012/10/29,1.7189
2012/10/30,1.7189
2012/10/31,1.6901
2012/11/1,1.7242
2012/11/2,1.7147
2012/11/5,1.6841
2012/11/6,1.7507
2012/11/7,1.6466
2012/11/8,1.6148
2012/11/9,1.6063
2012/11/12,1.6063
2012/11/13,1.5945
2012/11/14,1.5911
2012/11/15,1.5928
2012/11/16,1.58
2012/11/19,1.6131
2012/11/20,1.6659
2012/11/21,1.6796
2012/11/22,1.6796
2012/11/23,1.6899
2012/11/26,1.6625
2012/11/27,1.6369
2012/11/28,1.6284
2012/11/29,1.6147
2012/11/30,1.6156
2012/12/3,1.6207
2012/12/4,1.6028
2012/12/5,1.5875
2012/12/6,1.5857
2012/12/7,1.6215
2012/12/10,1.6164
2012/12/11,1.6541
2012/12/12,1.698
2012/12/13,1.7299
2012/12/14,1.7015
2012/12/17,1.7717
2012/12/18,1.817
2012/12/19,1.8014
2012/12/20,1.7962
2012/12/21,1.7623
2012/12/24,1.7737
2012/12/25,1.7737
2012/12/26,1.7511
2012/12/27,1.7364
2012/12/28,1.7009
2012/12/31,1.7574
2013/1/1,1.7574
2013/1/2,1.8371
2013/1/3,1.9121
2013/1/4,1.8991
2013/1/7,1.8974
2013/1/8,1.8683
2013/1/9,1.8568
2013/1/10,1.8958
2013/1/11,1.8677
2013/1/14,1.8448
2013/1/15,1.836
2013/1/16,1.8185
2013/1/17,1.8794
2013/1/18,1.8416
2013/1/21,1.8416
2013/1/22,1.8417
2013/1/23,1.8241
2013/1/24,1.8498
2013/1/25,1.9487
2013/1/28,1.9613
2013/1/29,1.9991
2013/1/30,1.992
2013/1/31,1.9849
2013/2/1,2.0149
2013/2/4,1.9548
2013/2/5,1.998
2013/2/6,1.9603
2013/2/7,1.9568
2013/2/8,1.9499
2013/2/11,1.9635
2013/2/12,1.977
2013/2/13,2.0277
2013/2/14,1.9974
2013/2/15,2.0017
2013/2/18,2.0017
2013/2/19,2.0278
2013/2/20,2.0087
2013/2/21,1.9766
2013/2/22,1.9619
2013/2/25,1.8637
2013/2/26,1.8808
2013/2/27,1.9014
2013/2/28,1.8756
2013/3/1,1.8412
2013/3/4,1.8755
2013/3/5,1.8978
2013/3/6,1.9375
2013/3/7,1.9965
2013/3/8,2.0427
2013/3/11,2.0576
2013/3/12,2.0156
2013/3/13,2.0209
2013/3/14,2.0296
2013/3/15,1.9895
2013/3/18,1.9546
2013/3/19,1.9017
2013/3/20,1.9581
2013/3/21,1.9112
2013/3/22,1.925
2013/3/25,1.9198
2013/3/26,1.9094
2013/3/27,1.8454
2013/3/28,1.8487
2013/3/29,1.8486
2013/4/1,1.8314
2013/4/2,1.859
2013/4/3,1.8106
2013/4/4,1.7625
2013/4/5,1.7128
2013/4/8,1.746
2013/4/9,1.7502
2013/4/10,1.8034
2013/4/11,1.7887
2013/4/12,1.7208
2013/4/15,1.6798
2013/4/16,1.7224
2013/4/17,1.695
2013/4/18,1.6847
2013/4/19,1.7049
2013/4/22,1.6929
2013/4/23,1.7065
2013/4/24,1.7047
2013/4/25,1.708
2013/4/26,1.6633
2013/4/29,1.6701
2013/4/30,1.6717
2013/5/1,1.629
2013/5/2,1.6255
2013/5/3,1.7382
2013/5/6,1.7588
2013/5/7,1.7778
2013/5/8,1.7665
2013/5/9,1.8109
2013/5/10,1.8973
2013/5/13,1.9199
2013/5/14,1.974
2013/5/15,1.9347
2013/5/16,1.8809
2013/5/17,1.9506
2013/5/20,1.9647
2013/5/21,1.9263
2013/5/22,2.0395
2013/5/23,2.0157
2013/5/24,2.0081
2013/5/27,2.0081
2013/5/28,2.1652
2013/5/29,2.1153
2013/5/30,2.111
2013/5/31,2.1282
2013/6/3,2.1193
2013/6/4,2.1462
2013/6/5,2.0892
2013/6/6,2.0769
2013/6/7,2.1718
2013/6/10,2.2097
2013/6/11,2.1846
2013/6/12,2.228
2013/6/13,2.1489
2013/6/14,2.1295
2013/6/17,2.1817
2013/6/18,2.1854
2013/6/19,2.3527
2013/6/20,2.4144
2013/6/21,2.531
2013/6/24,2.5368
2013/6/25,2.6082
2013/6/26,2.5353
2013/6/27,2.4721
2013/6/28,2.4857
2013/7/1,2.4765
2013/7/2,2.4693
2013/7/3,2.5032
2013/7/4,2.5032
2013/7/5,2.7391
2013/7/8,2.6356
2013/7/9,2.634
2013/7/10,2.6238
2013/7/11,2.5721
2013/7/12,2.5821
2013/7/15,2.5372
2013/7/16,2.5317
2013/7/17,2.4888
2013/7/18,2.5284
2013/7/19,2.4839
2013/7/22,2.4804
2013/7/23,2.5049
2013/7/24,2.588
2013/7/25,2.5712
2013/7/26,2.5624
2013/7/29,2.6023
2013/7/30,2.6101
2013/7/31,2.5762
2013/8/1,2.706
2013/8/2,2.596
2013/8/5,2.6333
2013/8/6,2.6421
2013/8/7,2.5986
2013/8/8,2.5892
2013/8/9,2.5784
2013/8/12,2.6206
2013/8/13,2.719
2013/8/14,2.7136
2013/8/15,2.7664
2013/8/16,2.8251
2013/8/19,2.8804
2013/8/20,2.8142
2013/8/21,2.8935
2013/8/22,2.8844
2013/8/23,2.8146
2013/8/26,2.7853
2013/8/27,2.7087
2013/8/28,2.7653
2013/8/29,2.7617
2013/8/30,2.7839
2013/9/2,2.7839
2013/9/3,2.8576
2013/9/4,2.8966
2013/9/5,2.9937
2013/9/6,2.9342
2013/9/9,2.912
2013/9/10,2.9643
2013/9/11,2.9122
2013/9/12,2.9095
2013/9/13,2.8846
2013/9/16,2.8643
2013/9/17,2.8468
2013/9/18,2.6878
2013/9/19,2.7519
2013/9/20,2.7337
2013/9/23,2.6999
2013/9/24,2.6552
2013/9/25,2.628
2013/9/26,2.6498
2013/9/27,2.6245
2013/9/30,2.61
2013/10/1,2.65
2013/10/2,2.6173
2013/10/3,2.6046
2013/10/4,2.6447
2013/10/7,2.6265
2013/10/8,2.632
2013/10/9,2.6631
2013/10/10,2.6814
2013/10/11,2.6871
2013/10/14,2.6871
2013/10/15,2.7276
2013/10/16,2.6633
2013/10/17,2.5894
2013/10/18,2.5777
2013/10/21,2.6014
2013/10/22,2.5124
2013/10/23,2.5016
2013/10/24,2.5197
2013/10/25,2.5088
2013/10/28,2.5233
2013/10/29,2.5034
2013/10/30,2.5378
2013/10/31,2.5542
2013/11/1,2.6218
2013/11/4,2.6035
2013/11/5,2.6696
2013/11/6,2.6421
2013/11/7,2.5999
2013/11/8,2.7477
2013/11/11,2.7477
2013/11/12,2.7728
2013/11/13,2.6996
2013/11/14,2.69
2013/11/15,2.7033
2013/11/18,2.6658
2013/11/19,2.7069
2013/11/20,2.7987
2013/11/21,2.7842
2013/11/22,2.7427
2013/11/25,2.7283
2013/11/26,2.7077
2013/11/27,2.7373
2013/11/28,2.7373
2013/11/29,2.7445
2013/12/2,2.7951
2013/12/3,2.7825
2013/12/4,2.8342
2013/12/5,2.8717
2013/12/6,2.8553
2013/12/9,2.8389
2013/12/10,2.8006
2013/12/11,2.8535
2013/12/12,2.8773
2013/12/13,2.8646
2013/12/16,2.8784
2013/12/17,2.8354
2013/12/18,2.8931
2013/12/19,2.9291
2013/12/20,2.8886
2013/12/23,2.9274
2013/12/24,2.9775
2013/12/25,2.9775
2013/12/26,2.9905
2013/12/27,3
2013/12/30,2.9703
2013/12/31,3.0282
2014/1/1,3.0282
2014/1/2,2.989
2014/1/3,2.9948
2014/1/6,2.9576
2014/1/7,2.9391
2014/1/8,2.9894
2014/1/9,2.9652
2014/1/10,2.8579
2014/1/13,2.8257
2014/1/14,2.8709
2014/1/15,2.8912
2014/1/16,2.8414
2014/1/17,2.8194
2014/1/20,2.8194
2014/1/21,2.8286
2014/1/22,2.8656
2014/1/23,2.7772
2014/1/24,2.715
2014/1/27,2.7479
2014/1/28,2.7488
2014/1/29,2.6767
2014/1/30,2.6949
2014/1/31,2.644
2014/2/3,2.5761
2014/2/4,2.6294
2014/2/5,2.6675
2014/2/6,2.7003
2014/2/7,2.6829
2014/2/10,2.6674
2014/2/11,2.725
2014/2/12,2.7608
2014/2/13,2.732
2014/2/14,2.7428
2014/2/17,2.7428
2014/2/18,2.7069
2014/2/19,2.7392
2014/2/20,2.7509
2014/2/21,2.731
2014/2/24,2.7382
2014/2/25,2.7023
2014/2/26,2.6655
2014/2/27,2.6387
2014/2/28,2.6476
2014/3/3,2.6012
2014/3/4,2.6977
2014/3/5,2.7048
2014/3/6,2.7373
2014/3/7,2.7879
2014/3/10,2.777
2014/3/11,2.768
2014/3/12,2.73
2014/3/13,2.6446
2014/3/14,2.6543
2014/3/17,2.6921
2014/3/18,2.6722
2014/3/19,2.7725
2014/3/20,2.7716
2014/3/21,2.7426
2014/3/24,2.7281
2014/3/25,2.748
2014/3/26,2.6919
2014/3/27,2.681
2014/3/28,2.7208
2014/3/31,2.718
2014/4/1,2.7525
2014/4/2,2.8045
2014/4/3,2.7972
2014/4/4,2.7207
2014/4/7,2.6998
2014/4/8,2.6808
2014/4/9,2.6898
2014/4/10,2.6474
2014/4/11,2.6247
2014/4/14,2.6472
2014/4/15,2.6283
2014/4/16,2.6282
2014/4/17,2.7215
2014/4/18,2.7215
2014/4/21,2.7151
2014/4/22,2.7105
2014/4/23,2.6987
2014/4/24,2.6805
2014/4/25,2.6623
2014/4/28,2.7005
2014/4/29,2.6913
2014/4/30,2.6459
2014/5/1,2.6133
2014/5/2,2.5843
2014/5/5,2.6068
2014/5/6,2.5914
2014/5/7,2.5878
2014/5/8,2.6161
2014/5/9,2.6233
2014/5/12,2.6611
2014/5/13,2.6089
2014/5/14,2.5427
2014/5/15,2.4893
2014/5/16,2.5231
2014/5/19,2.5445
2014/5/20,2.5106
2014/5/21,2.532
2014/5/22,2.5499
2014/5/23,2.5321
2014/5/26,2.5321
2014/5/27,2.5142
2014/5/28,2.4431
2014/5/29,2.4644
2014/5/30,2.4759
2014/6/2,2.5267
2014/6/3,2.5985
2014/6/4,2.6021
2014/6/5,2.5824
2014/6/6,2.5869
2014/6/9,2.6032
2014/6/10,2.6439
2014/6/11,2.6394
2014/6/12,2.5951
2014/6/13,2.6033
2014/6/16,2.597
2014/6/17,2.6523
2014/6/18,2.5844
2014/6/19,2.6206
2014/6/20,2.6052
2014/6/23,2.6261
2014/6/24,2.5781
2014/6/25,2.5592
2014/6/26,2.5286
2014/6/27,2.534
2014/6/30,2.5304
2014/7/1,2.5647
2014/7/2,2.6264
2014/7/3,2.6383
2014/7/4,2.6383
2014/7/7,2.611
2014/7/8,2.5557
2014/7/9,2.5503
2014/7/10,2.5359
2014/7/11,2.516
2014/7/14,2.5468
2014/7/15,2.5468
2014/7/16,2.526
2014/7/17,2.4458
2014/7/18,2.4809
2014/7/21,2.4674
2014/7/22,2.4601
2014/7/23,2.4655
2014/7/24,2.5025
2014/7/25,2.4655
2014/7/28,2.4853
2014/7/29,2.4601
2014/7/30,2.5569
2014/7/31,2.5578
2014/8/1,2.4925
2014/8/4,2.4817
2014/8/5,2.4844
2014/8/6,2.4708
2014/8/7,2.4114
2014/8/8,2.4203
2014/8/11,2.4275
2014/8/12,2.4491
2014/8/13,2.4166
2014/8/14,2.4015
2014/8/15,2.3397
2014/8/18,2.3927
2014/8/19,2.3997
2014/8/20,2.4264
2014/8/21,2.4068
2014/8/22,2.4024
2014/8/25,2.382
2014/8/26,2.3962
2014/8/27,2.3573
2014/8/28,2.3361
2014/8/29,2.3431
2014/9/1,2.3431
2014/9/2,2.4211
2014/9/3,2.3962
2014/9/4,2.4497
2014/9/5,2.4587
2014/9/8,2.4712
2014/9/9,2.5036
2014/9/10,2.5414
2014/9/11,2.5496
2014/9/12,2.6105
2014/9/15,2.5887
2014/9/16,2.5924
2014/9/17,2.6198
2014/9/18,2.6144
2014/9/19,2.5745
2014/9/22,2.5636
2014/9/23,2.5275
2014/9/24,2.5637
2014/9/25,2.5022
2014/9/26,2.5276
2014/9/29,2.4771
2014/9/30,2.4888
2014/10/1,2.3856
2014/10/2,2.425
2014/10/3,2.434
2014/10/6,2.4196
2014/10/7,2.3391
2014/10/8,2.3213
2014/10/9,2.3133
2014/10/10,2.2804
2014/10/13,2.2804
2014/10/14,2.1973
2014/10/15,2.1358
2014/10/16,2.1559
2014/10/17,2.1936
2014/10/20,2.1909
2014/10/21,2.2217
2014/10/22,2.2164
2014/10/23,2.2712
2014/10/24,2.2685
2014/10/27,2.2605
2014/10/28,2.296
2014/10/29,2.3174
2014/10/30,2.3058
2014/10/31,2.3353
2014/11/3,2.3425
2014/11/4,2.3335
2014/11/5,2.3424
2014/11/6,2.3856
2014/11/7,2.2976
2014/11/10,2.3604
2014/11/11,2.3604
2014/11/12,2.3712
2014/11/13,2.3399
2014/11/14,2.3204
2014/11/17,2.3399
2014/11/18,2.3151
2014/11/19,2.3594
2014/11/20,2.3373
2014/11/21,2.3099
2014/11/24,2.3064
2014/11/25,2.257
2014/11/26,2.2447
2014/11/27,2.2447
2014/11/28,2.164
2014/12/1,2.235
2014/12/2,2.2923
2014/12/3,2.2799
2014/12/4,2.2341
2014/12/5,2.3065
2014/12/8,2.257
2014/12/9,2.2129
2014/12/10,2.1638
2014/12/11,2.162
2014/12/12,2.0817
2014/12/15,2.1182
2014/12/16,2.0591
2014/12/17,2.1356
2014/12/18,2.2075
2014/12/19,2.1618
2014/12/22,2.1583
2014/12/23,2.2614
2014/12/24,2.2632
2014/12/25,2.2632
2014/12/26,2.2499
2014/12/29,2.2021
2014/12/30,2.1871
2014/12/31,2.1712
2015/1/1,2.1712
2015/1/2,2.1105
2015/1/5,2.032
2015/1/6,1.9402
2015/1/7,1.9677
2015/1/8,2.0179
2015/1/9,1.9449
2015/1/12,1.907
2015/1/13,1.9
2015/1/14,1.8553
2015/1/15,1.7149
2015/1/16,1.8368
2015/1/19,1.8368
2015/1/20,1.788
2015/1/21,1.8717
2015/1/22,1.8631
2015/1/23,1.7968
2015/1/26,1.8241
2015/1/27,1.8231
2015/1/28,1.7207
2015/1/29,1.7512
2015/1/30,1.6407
2015/2/2,1.6642
2015/2/3,1.7915
2015/2/4,1.7513
2015/2/5,1.8204
2015/2/6,1.9567
2015/2/9,1.9775
2015/2/10,1.9967
2015/2/11,2.0176
2015/2/12,1.9844
2015/2/13,2.0504
2015/2/16,2.0504
2015/2/17,2.1379
2015/2/18,2.08
2015/2/19,2.1142
2015/2/20,2.1117
2015/2/23,2.0574
2015/2/24,1.98
2015/2/25,1.9688
2015/2/26,2.0295
2015/2/27,1.993
2015/3/2,2.082
2015/3/3,2.1189
2015/3/4,2.1172
2015/3/5,2.1154
2015/3/6,2.2414
2015/3/9,2.1907
2015/3/10,2.1297
2015/3/11,2.1086
2015/3/12,2.1156
2015/3/13,2.114
2015/3/16,2.0717
2015/3/17,2.0507
2015/3/18,1.9199
2015/3/19,1.9685
2015/3/20,1.9303
2015/3/23,1.912
2015/3/24,1.8731
2015/3/25,1.925
2015/3/26,1.9894
2015/3/27,1.9615
2015/3/30,1.9475
2015/3/31,1.9231
2015/4/1,1.8573
2015/4/2,1.9117
2015/4/3,1.8389
2015/4/6,1.8952
2015/4/7,1.8848
2015/4/8,1.9047
2015/4/9,1.9596
2015/4/10,1.9473
2015/4/13,1.9272
2015/4/14,1.8985
2015/4/15,1.888
2015/4/16,1.8897
2015/4/17,1.8653
2015/4/20,1.8896
2015/4/21,1.9087
2015/4/22,1.9788
2015/4/23,1.9577
2015/4/24,1.9086
2015/4/27,1.9208
2015/4/28,2.0034
2015/4/29,2.0388
2015/4/30,2.0317
2015/5/1,2.1135
2015/5/4,2.144
2015/5/5,2.1853
2015/5/6,2.2431
2015/5/7,2.18
2015/5/8,2.1478
2015/5/11,2.2797
2015/5/12,2.2489
2015/5/13,2.2926
2015/5/14,2.2301
2015/5/15,2.1424
2015/5/18,2.2337
2015/5/19,2.2886
2015/5/20,2.2479
2015/5/21,2.1898
2015/5/22,2.2092
2015/5/25,2.2092
2015/5/26,2.139
2015/5/27,2.1285
2015/5/28,2.1355
2015/5/29,2.1214
2015/6/1,2.1794
2015/6/2,2.2624
2015/6/3,2.3642
2015/6/4,2.307
2015/6/5,2.4076
2015/6/8,2.3824
2015/6/9,2.4384
2015/6/10,2.4838
2015/6/11,2.3772
2015/6/12,2.3918
2015/6/15,2.3559
2015/6/16,2.3093
2015/6/17,2.3165
2015/6/18,2.3345
2015/6/19,2.2577
2015/6/22,2.3725
2015/6/23,2.4087
2015/6/24,2.3672
2015/6/25,2.4088
2015/6/26,2.4726
2015/6/29,2.3242
2015/6/30,2.3531
2015/7/1,2.4219
2015/7/2,2.3823
2015/7/3,2.3823
2015/7/6,2.285
2015/7/7,2.2582
2015/7/8,2.1922
2015/7/9,2.3211
2015/7/10,2.3972
2015/7/13,2.4538
2015/7/14,2.401
2015/7/15,2.3521
2015/7/16,2.3503
2015/7/17,2.3469
2015/7/20,2.3723
2015/7/21,2.3253
2015/7/22,2.3235
2015/7/23,2.2677
2015/7/24,2.2624
2015/7/27,2.2175
2015/7/28,2.2499
2015/7/29,2.2859
2015/7/30,2.2589
2015/7/31,2.1801
2015/8/3,2.148
2015/8/4,2.2213
2015/8/5,2.2699
2015/8/6,2.2214
2015/8/7,2.1623
2015/8/10,2.2269
2015/8/11,2.1409
2015/8/12,2.148
2015/8/13,2.1854
2015/8/14,2.1977
2015/8/17,2.1678
2015/8/18,2.1925
2015/8/19,2.1256
2015/8/20,2.0679
2015/8/21,2.0365
2015/8/24,2.0034
2015/8/25,2.0714
2015/8/26,2.1752
2015/8/27,2.1841
2015/8/28,2.1807
2015/8/31,2.2179
2015/9/1,2.1524
2015/9/2,2.1843
2015/9/3,2.1596
2015/9/4,2.1244
2015/9/7,2.1244
2015/9/8,2.1828
2015/9/9,2.2006
2015/9/10,2.222
2015/9/11,2.1883
2015/9/14,2.1831
2015/9/15,2.2867
2015/9/16,2.294
2015/9/17,2.1903
2015/9/18,2.1336
2015/9/21,2.2012
2015/9/22,2.1337
2015/9/23,2.1497
2015/9/24,2.1266
2015/9/25,2.1623
2015/9/28,2.0949
2015/9/29,2.0508
2015/9/30,2.0368
2015/10/1,2.0368
2015/10/2,1.9929
2015/10/5,2.0562
2015/10/6,2.0315
2015/10/7,2.0668
2015/10/8,2.104
2015/10/9,2.0881
2015/10/12,2.0881
2015/10/13,2.0439
2015/10/14,1.9718
2015/10/15,2.0175
2015/10/16,2.0334
2015/10/19,2.0228
2015/10/20,2.067
2015/10/21,2.0228
2015/10/22,2.0263
2015/10/23,2.0866
2015/10/26,2.0564
2015/10/27,2.037
2015/10/28,2.1009
2015/10/29,2.1725
2015/10/30,2.1421
2015/11/2,2.1709
2015/11/3,2.2105
2015/11/4,2.225
2015/11/5,2.2323
2015/11/6,2.3252
2015/11/9,2.3436
2015/11/10,2.3419
2015/11/11,2.3301
2015/11/12,2.3116
2015/11/13,2.2658
2015/11/16,2.2676
2015/11/17,2.2658
2015/11/18,2.2728
2015/11/19,2.2482
2015/11/20,2.2623
2015/11/23,2.2377
2015/11/24,2.2377
2015/11/25,2.2341
2015/11/26,2.2341
2015/11/27,2.2201
2015/11/30,2.206
2015/12/1,2.1431
2015/12/2,2.1797
2015/12/3,2.3136
2015/12/4,2.2693
2015/12/7,2.2288
2015/12/8,2.2182
2015/12/9,2.2164
2015/12/10,2.2305
2015/12/11,2.127
2015/12/14,2.2217
2015/12/15,2.2658
2015/12/16,2.296
2015/12/17,2.2234
2015/12/18,2.204
2015/12/21,2.1917
2015/12/22,2.2357
2015/12/23,2.2534
2015/12/24,2.241
2015/12/25,2.241
2015/12/28,2.2304
2015/12/29,2.305
2015/12/30,2.2943
2015/12/31,2.2694
2016/1/1,2.2694
2016/1/4,2.2428
2016/1/5,2.2357
2016/1/6,2.1702
2016/1/7,2.1455
2016/1/8,2.1156
2016/1/11,2.1754
2016/1/12,2.1032
2016/1/13,2.0927
2016/1/14,2.0874
2016/1/15,2.0347
2016/1/18,2.0347
2016/1/19,2.0556
2016/1/20,1.9824
2016/1/21,2.0311
2016/1/22,2.0519
2016/1/25,2.0012
2016/1/26,1.9942
2016/1/27,1.9993
2016/1/28,1.9784
2016/1/29,1.9209
2016/2/1,1.9486
2016/2/2,1.8448
2016/2/3,1.8861
2016/2/4,1.8395
2016/2/5,1.8357
2016/2/8,1.7483
2016/2/9,1.726
2016/2/10,1.6681
2016/2/11,1.6591
2016/2/12,1.7481
2016/2/15,1.7481
2016/2/16,1.7723
2016/2/17,1.819
2016/2/18,1.7396
2016/2/19,1.7449
2016/2/22,1.7518
2016/2/23,1.7225
2016/2/24,1.7484
2016/2/25,1.7157
2016/2/26,1.7623
2016/2/29,1.7347
2016/3/1,1.8249
2016/3/2,1.8406
2016/3/3,1.8337
2016/3/4,1.8741
2016/3/7,1.9057
2016/3/8,1.8287
2016/3/9,1.876
2016/3/10,1.9323
2016/3/11,1.9839
2016/3/14,1.9592
2016/3/15,1.9699
2016/3/16,1.9081
2016/3/17,1.8958
2016/3/18,1.8732
2016/3/21,1.9155
2016/3/22,1.9403
2016/3/23,1.8786
2016/3/24,1.9
2016/3/25,1.9
2016/3/28,1.886
2016/3/29,1.8035
2016/3/30,1.8228
2016/3/31,1.7687
2016/4/1,1.7705
2016/4/4,1.7618
2016/4/5,1.7201
2016/4/6,1.7549
2016/4/7,1.6889
2016/4/8,1.7167
2016/4/11,1.7254
2016/4/12,1.7761
2016/4/13,1.7639
2016/4/14,1.7919
2016/4/15,1.7518
2016/4/18,1.7711
2016/4/19,1.7851
2016/4/20,1.845
2016/4/21,1.861
2016/4/22,1.8878
2016/4/25,1.9128
2016/4/26,1.9271
2016/4/27,1.8508
2016/4/28,1.8243
2016/4/29,1.8333
2016/5/2,1.8723
2016/5/3,1.7963
2016/5/4,1.7752
2016/5/5,1.7453
2016/5/6,1.7789
2016/5/9,1.7507
2016/5/10,1.7613
2016/5/11,1.7367
2016/5/12,1.7516
2016/5/13,1.7001
2016/5/16,1.7533
2016/5/17,1.7723
2016/5/18,1.8538
2016/5/19,1.8487
2016/5/20,1.8384
2016/5/23,1.835
2016/5/24,1.8629
2016/5/25,1.8664
2016/5/26,1.8282
2016/5/27,1.851
2016/5/30,1.851
2016/5/31,1.8458
2016/6/1,1.8354
2016/6/2,1.7989
2016/6/3,1.7004
2016/6/6,1.7367
2016/6/7,1.7177
2016/6/8,1.7022
2016/6/9,1.6867
2016/6/10,1.6404
2016/6/13,1.6096
2016/6/14,1.613
2016/6/15,1.572
2016/6/16,1.5788
2016/6/17,1.6078
2016/6/20,1.6886
2016/6/21,1.7059
2016/6/22,1.6852
2016/6/23,1.7458
2016/6/24,1.5599
2016/6/27,1.4377
2016/6/28,1.4664
2016/6/29,1.5155
2016/6/30,1.4697
2016/7/1,1.4441
2016/7/4,1.4441
2016/7/5,1.375
2016/7/6,1.3682
2016/7/7,1.385
2016/7/8,1.3579
2016/7/11,1.4303
2016/7/12,1.51
2016/7/13,1.4743
2016/7/14,1.5356
2016/7/15,1.5509
2016/7/18,1.5818
2016/7/19,1.5526
2016/7/20,1.5801
2016/7/21,1.556
2016/7/22,1.5663
2016/7/25,1.5731
2016/7/26,1.5611
2016/7/27,1.4976
2016/7/28,1.5044
2016/7/29,1.4531
2016/8/1,1.5214
2016/8/2,1.5558
2016/8/3,1.542
2016/8/4,1.5008
2016/8/5,1.5885
2016/8/8,1.592
2016/8/9,1.547
2016/8/10,1.5074
2016/8/11,1.5593
2016/8/12,1.5135
2016/8/15,1.5576
2016/8/16,1.5746
2016/8/17,1.5491
2016/8/18,1.5356
2016/8/19,1.5781
2016/8/22,1.5424
2016/8/23,1.5458
2016/8/24,1.5611
2016/8/25,1.5731
2016/8/26,1.6296
2016/8/29,1.5595
2016/8/30,1.5663
2016/8/31,1.58
2016/9/1,1.5681
2016/9/2,1.6024
2016/9/5,1.6024
2016/9/6,1.534
2016/9/7,1.5391
2016/9/8,1.599
2016/9/9,1.6749
2016/9/12,1.6629
2016/9/13,1.7271
2016/9/14,1.6976
2016/9/15,1.6907
2016/9/16,1.6926
2016/9/19,1.7118
2016/9/20,1.6892
2016/9/21,1.6511
2016/9/22,1.6183
2016/9/23,1.6184
2016/9/26,1.5839
2016/9/27,1.5564
2016/9/28,1.5719
2016/9/29,1.5599
2016/9/30,1.5944
2016/10/3,1.6221
2016/10/4,1.6864
2016/10/5,1.7021
2016/10/6,1.7372
2016/10/7,1.7181
2016/10/10,1.7181
2016/10/11,1.7638
2016/10/12,1.7692
2016/10/13,1.7411
2016/10/14,1.7977
2016/10/17,1.766
2016/10/18,1.7379
2016/10/19,1.7432
2016/10/20,1.7556
2016/10/21,1.7347
2016/10/24,1.7647
2016/10/25,1.756
2016/10/26,1.7931
2016/10/27,1.8536
2016/10/28,1.8468
2016/10/31,1.8255
2016/11/1,1.8274
2016/11/2,1.8025
2016/11/3,1.8115
2016/11/4,1.7762
2016/11/7,1.8261
2016/11/8,1.8547
2016/11/9,2.0571
2016/11/10,2.1501
2016/11/11,2.1501
2016/11/14,2.2614
2016/11/15,2.2189
2016/11/16,2.2225
2016/11/17,2.3026
2016/11/18,2.3548
2016/11/21,2.3154
2016/11/22,2.3119
2016/11/23,2.3498
2016/11/24,2.3498
2016/11/25,2.3572
2016/11/28,2.3124
2016/11/29,2.291
2016/11/30,2.3809
2016/12/1,2.4481
2016/12/2,2.3831
2016/12/5,2.3941
2016/12/6,2.3887
2016/12/7,2.3401
2016/12/8,2.4071
2016/12/9,2.4675
2016/12/12,2.4712
2016/12/13,2.4713
2016/12/14,2.5707
2016/12/15,2.5967
2016/12/16,2.5916
2016/12/19,2.5382
2016/12/20,2.5586
2016/12/21,2.5348
2016/12/22,2.5515
2016/12/23,2.5373
2016/12/26,2.5373
2016/12/27,2.5596
2016/12/28,2.508
2016/12/29,2.475
2016/12/30,2.4443
2017/1/2,2.4443
2017/1/3,2.4444
2017/1/4,2.439
2017/1/5,2.3443
2017/1/6,2.4193
2017/1/9,2.3647
2017/1/10,2.3757
2017/1/11,2.3721
2017/1/12,2.3631
2017/1/13,2.3964
2017/1/16,2.3964
2017/1/17,2.3253
2017/1/18,2.4296
2017/1/19,2.4739
2017/1/20,2.4668
2017/1/23,2.3971
2017/1/24,2.4652
2017/1/25,2.5116
2017/1/26,2.5043
2017/1/27,2.4843
2017/1/30,2.4881
2017/1/31,2.4531
2017/2/1,2.4699
2017/2/2,2.4737
2017/2/3,2.4648
2017/2/6,2.4077
2017/2/7,2.3931
2017/2/8,2.3363
2017/2/9,2.3948
2017/2/10,2.4073
2017/2/13,2.4358
2017/2/14,2.4698
2017/2/15,2.4932
2017/2/16,2.4467
2017/2/17,2.4147
2017/2/20,2.4147
2017/2/21,2.429
2017/2/22,2.4129
2017/2/23,2.372
2017/2/24,2.3117
2017/2/27,2.365
2017/2/28,2.3899
2017/3/1,2.4526
2017/3/2,2.4779
2017/3/3,2.478
2017/3/6,2.4997
2017/3/7,2.5179
2017/3/8,2.5597
2017/3/9,2.6053
2017/3/10,2.5745
2017/3/13,2.6258
2017/3/14,2.6002
2017/3/15,2.493
2017/3/16,2.5402
2017/3/17,2.5005
2017/3/20,2.4607
2017/3/21,2.4175
2017/3/22,2.405
2017/3/23,2.4194
2017/3/24,2.4123
2017/3/27,2.3782
2017/3/28,2.4178
2017/3/29,2.3765
2017/3/30,2.4197
2017/3/31,2.3874
2017/4/3,2.3193
2017/4/4,2.3605
2017/4/5,2.3354
2017/4/6,2.3408
2017/4/7,2.3822
2017/4/10,2.3661
2017/4/11,2.2962
2017/4/12,2.2392
2017/4/13,2.2374
2017/4/14,2.2374
2017/4/17,2.2498
2017/4/18,2.1682
2017/4/19,2.2143
2017/4/20,2.232
2017/4/21,2.248
2017/4/24,2.273
2017/4/25,2.3322
2017/4/26,2.3035
2017/4/27,2.2946
2017/4/28,2.2802
2017/5/1,2.318
2017/5/2,2.2803
2017/5/3,2.318
2017/5/4,2.3541
2017/5/5,2.3487
2017/5/8,2.3868
2017/5/9,2.3977
2017/5/10,2.4141
2017/5/11,2.3874
2017/5/12,2.3257
2017/5/15,2.3433
2017/5/16,2.3257
2017/5/17,2.2243
2017/5/18,2.2294
2017/5/19,2.2346
2017/5/22,2.2537
2017/5/23,2.2799
2017/5/24,2.2502
2017/5/25,2.2554
2017/5/26,2.2465
2017/5/29,2.2465
2017/5/30,2.2098
2017/5/31,2.2028
2017/6/1,2.2114
2017/6/2,2.1591
2017/6/5,2.1817
2017/6/6,2.1451
2017/6/7,2.1729
2017/6/8,2.1885
2017/6/9,2.2005
2017/6/12,2.2145
2017/6/13,2.2109
2017/6/14,2.1256
2017/6/15,2.1637
2017/6/16,2.1514
2017/6/19,2.1879
2017/6/20,2.1565
2017/6/21,2.1634
2017/6/22,2.1477
2017/6/23,2.1423
2017/6/26,2.137
2017/6/27,2.2051
2017/6/28,2.2279
2017/6/29,2.2666
2017/6/30,2.3037
2017/7/3,2.3499
2017/7/4,2.3499
2017/7/5,2.3232
2017/7/6,2.3659
2017/7/7,2.3856
2017/7/10,2.373
2017/7/11,2.3605
2017/7/12,2.3177
2017/7/13,2.3444
2017/7/14,2.3319
2017/7/17,2.3141
2017/7/18,2.259
2017/7/19,2.2696
2017/7/20,2.2589
2017/7/21,2.2375
2017/7/24,2.2552
2017/7/25,2.3354
2017/7/26,2.2872
2017/7/27,2.3103
2017/7/28,2.2889
2017/7/31,2.2942
2017/8/1,2.2532
2017/8/2,2.271
2017/8/3,2.2212
2017/8/4,2.262
2017/8/7,2.253
2017/8/8,2.2619
2017/8/9,2.2476
2017/8/10,2.1975
2017/8/11,2.1888
2017/8/14,2.2185
2017/8/15,2.2728
2017/8/16,2.222
2017/8/17,2.1853
2017/8/18,2.1939
2017/8/21,2.1817
2017/8/22,2.2131
2017/8/23,2.166
2017/8/24,2.1939
2017/8/25,2.1659
2017/8/28,2.1571
2017/8/29,2.1292
2017/8/30,2.1309
2017/8/31,2.117
2017/9/1,2.1657
2017/9/4,2.1657
2017/9/5,2.0596
2017/9/6,2.1046
2017/9/7,2.0387
2017/9/8,2.0507
2017/9/11,2.1306
2017/9/12,2.1672
2017/9/13,2.1883
2017/9/14,2.1847
2017/9/15,2.2023
2017/9/18,2.2287
2017/9/19,2.2446
2017/9/20,2.2676
2017/9/21,2.2765
2017/9/22,2.2499
2017/9/25,2.2198
2017/9/26,2.2357
2017/9/27,2.3103
2017/9/28,2.3085
2017/9/29,2.3336
2017/10/2,2.3408
2017/10/3,2.3229
2017/10/4,2.3229
2017/10/5,2.348
2017/10/6,2.3589
2017/10/9,2.3589
2017/10/10,2.3607
2017/10/11,2.3481
2017/10/12,2.3177
2017/10/13,2.273
2017/10/16,2.3034
2017/10/17,2.2998
2017/10/18,2.3465
2017/10/19,2.3178
2017/10/20,2.3845
2017/10/23,2.3664
2017/10/24,2.4189
2017/10/25,2.4317
2017/10/26,2.4609
2017/10/27,2.4064
2017/10/30,2.3684
2017/10/31,2.3793
2017/11/1,2.3721
2017/11/2,2.345
2017/11/3,2.3325
2017/11/6,2.3163
2017/11/7,2.3145
2017/11/8,2.3343
2017/11/9,2.3416
2017/11/10,2.3984
2017/11/13,2.4055
2017/11/14,2.3717
2017/11/15,2.3222
2017/11/16,2.3753
2017/11/17,2.3435
2017/11/20,2.3666
2017/11/21,2.3559
2017/11/22,2.3187
2017/11/23,2.3187
2017/11/24,2.3418
2017/11/27,2.3277
2017/11/28,2.3277
2017/11/29,2.3882
2017/11/30,2.4097
2017/12/1,2.3615
2017/12/4,2.3723
2017/12/5,2.3509
2017/12/6,2.3385
2017/12/7,2.3634
2017/12/8,2.376
2017/12/11,2.3886
2017/12/12,2.4011
2017/12/13,2.3422
2017/12/14,2.3493
2017/12/15,2.353
2017/12/18,2.3942
2017/12/19,2.4644
2017/12/20,2.497
2017/12/21,2.4826
2017/12/22,2.481
2017/12/25,2.481
2017/12/26,2.4756
2017/12/27,2.4107
2017/12/28,2.4305
2017/12/29,2.4054
2018/1/1,2.4054
2018/1/2,2.4633
2018/1/3,2.4471
2018/1/4,2.4525
2018/1/5,2.4763
2018/1/8,2.48
2018/1/9,2.553
2018/1/10,2.5568
2018/1/11,2.5367
2018/1/12,2.5462
2018/1/15,2.5462
2018/1/16,2.5371
2018/1/17,2.5904
2018/1/18,2.6256
2018/1/19,2.6592
2018/1/22,2.65
2018/1/23,2.6131
2018/1/24,2.6465
2018/1/25,2.617
2018/1/26,2.6599
2018/1/29,2.6936
2018/1/30,2.7199
2018/1/31,2.705
2018/2/1,2.7896
2018/2/2,2.8411
2018/2/5,2.7056
2018/2/6,2.8016
2018/2/7,2.8359
2018/2/8,2.824
2018/2/9,2.8512
2018/2/12,2.8585
2018/2/13,2.8294
2018/2/14,2.9022
2018/2/15,2.9095
2018/2/16,2.8749
2018/2/19,2.8749
2018/2/20,2.8896
2018/2/21,2.95
2018/2/22,2.9207
2018/2/23,2.866
2018/2/26,2.8623
2018/2/27,2.8934
2018/2/28,2.8606
2018/3/1,2.8078
2018/3/2,2.8643
2018/3/5,2.8808
2018/3/6,2.8863
2018/3/7,2.8827
2018/3/8,2.8571
2018/3/9,2.8938
2018/3/12,2.8681
2018/3/13,2.8426
2018/3/14,2.817
2018/3/15,2.828
2018/3/16,2.8445
2018/3/19,2.8555
2018/3/20,2.8959
2018/3/21,2.883
2018/3/22,2.8244
2018/3/23,2.8135
2018/3/26,2.852
2018/3/27,2.7753
2018/3/28,2.7807
2018/3/29,2.7389
2018/3/30,2.7389
2018/4/2,2.7298
2018/4/3,2.7753
2018/4/4,2.8027
2018/4/5,2.832
2018/4/6,2.7735
2018/4/9,2.779
2018/4/10,2.8009
2018/4/11,2.7808
2018/4/12,2.8358
2018/4/13,2.8267
2018/4/16,2.8267
2018/4/17,2.8285
2018/4/18,2.8728
2018/4/19,2.9098
2018/4/20,2.9602
2018/4/23,2.9752
2018/4/24,2.9995
2018/4/25,3.0259
2018/4/26,2.9809
2018/4/27,2.9568
2018/4/30,2.9531
2018/5/1,2.9644
2018/5/2,2.9663
2018/5/3,2.9458
2018/5/4,2.9497
2018/5/7,2.9497
2018/5/8,2.976
2018/5/9,3.0042
2018/5/10,2.9622
2018/5/11,2.9695
2018/5/14,3.0024
2018/5/15,3.0723
2018/5/16,3.0964
2018/5/17,3.1112
2018/5/18,3.0559
2018/5/21,3.0596
2018/5/22,3.0597
2018/5/23,2.9935
2018/5/24,2.977
2018/5/25,2.9313
2018/5/28,2.9313
2018/5/29,2.781
2018/5/30,2.855
2018/5/31,2.8586
2018/6/1,2.9022
2018/6/4,2.9424
2018/6/5,2.9277
2018/6/6,2.9717
2018/6/7,2.9204
2018/6/8,2.9461
2018/6/11,2.9516
2018/6/12,2.9608
2018/6/13,2.9663
2018/6/14,2.9351
2018/6/15,2.9205
2018/6/18,2.9169
2018/6/19,2.8967
2018/6/20,2.9389
2018/6/21,2.8967
2018/6/22,2.8949
2018/6/25,2.8803
2018/6/26,2.8766
2018/6/27,2.8256
2018/6/28,2.8365
2018/6/29,2.8601
2018/7/2,2.8711
2018/7/3,2.8309
2018/7/4,2.8309
2018/7/5,2.8291
2018/7/6,2.8217
2018/7/9,2.8564
2018/7/10,2.8491
2018/7/11,2.8491
2018/7/12,2.8454
2018/7/13,2.8271
2018/7/16,2.8582
2018/7/17,2.86
2018/7/18,2.8692
2018/7/19,2.838
2018/7/20,2.8931
2018/7/23,2.9541
2018/7/24,2.9486
2018/7/25,2.9746
2018/7/26,2.9764
2018/7/27,2.9542
2018/7/30,2.9728
2018/7/31,2.9598
2018/8/1,3.0064
2018/8/2,2.9859
2018/8/3,2.9488
2018/8/6,2.9395
2018/8/7,2.973
2018/8/8,2.96
2018/8/9,2.9258
2018/8/10,2.8732
2018/8/13,2.8786
2018/8/14,2.8985
2018/8/15,2.8623
2018/8/16,2.8659
2018/8/17,2.8605
2018/8/20,2.819
2018/8/21,2.8298
2018/8/22,2.8189
2018/8/23,2.8261
2018/8/24,2.8098
2018/8/27,2.8459
2018/8/28,2.8804
2018/8/29,2.884
2018/8/30,2.855
2018/8/31,2.8604
2018/9/3,2.8604
2018/9/4,2.8985
2018/9/5,2.9022
2018/9/6,2.8731
2018/9/7,2.9388
2018/9/10,2.9314
2018/9/11,2.9755
2018/9/12,2.9626
2018/9/13,2.97
2018/9/14,2.9959
2018/9/17,2.9867
2018/9/18,3.0551
2018/9/19,3.0626
2018/9/20,3.0626
2018/9/21,3.0628
2018/9/24,3.0889
2018/9/25,3.0964
2018/9/26,3.048
2018/9/27,3.0518
2018/9/28,3.0612
2018/10/1,3.0836
2018/10/2,3.0631
2018/10/3,3.1813
2018/10/4,3.187
2018/10/5,3.2328
2018/10/8,3.2328
2018/10/9,3.2063
2018/10/10,3.1629
2018/10/11,3.1498
2018/10/12,3.1613
2018/10/15,3.1557
2018/10/16,3.1633
2018/10/17,3.205
2018/10/18,3.1786
2018/10/19,3.1921
2018/10/22,3.1978
2018/10/23,3.1676
2018/10/24,3.1035
2018/10/25,3.1167
2018/10/26,3.0755
2018/10/29,3.0849
2018/10/30,3.1227
2018/10/31,3.1435
2018/11/1,3.1303
2018/11/2,3.2121
2018/11/5,3.2008
2018/11/6,3.2276
2018/11/7,3.2355
2018/11/8,3.2373
2018/11/9,3.1819
2018/11/12,3.1819
2018/11/13,3.1397
2018/11/14,3.125
2018/11/15,3.1103
2018/11/16,3.0628
2018/11/19,3.0628
2018/11/20,3.0628
2018/11/21,3.0627
2018/11/22,3.0627
2018/11/23,3.039
2018/11/26,3.0535
2018/11/27,3.0572
2018/11/28,3.059
2018/11/29,3.0298
2018/11/30,2.9879
2018/12/3,2.9697
2018/12/4,2.9136
2018/12/5,2.9136
2018/12/6,2.8955
2018/12/7,2.845
2018/12/10,2.8575
2018/12/11,2.879
2018/12/12,2.9096
2018/12/13,2.9131
2018/12/14,2.8895
2018/12/17,2.857
2018/12/18,2.8175
2018/12/19,2.7548
2018/12/20,2.8065
2018/12/21,2.7902
2018/12/24,2.7383
2018/12/25,2.7383
2018/12/26,2.8079
2018/12/27,2.7666
2018/12/28,2.7182
2018/12/31,2.6842
2019/1/1,2.6842
2019/1/2,2.6204
2019/1/3,2.5535
2019/1/4,2.6677
2019/1/7,2.696
2019/1/8,2.728
2019/1/9,2.71
2019/1/10,2.7421
2019/1/11,2.7007
2019/1/14,2.7024
2019/1/15,2.7112
2019/1/16,2.7218
2019/1/17,2.7504
2019/1/18,2.7842
2019/1/21,2.7842
2019/1/22,2.7392
2019/1/23,2.7409
2019/1/24,2.7157
2019/1/25,2.7585
2019/1/28,2.744
2019/1/29,2.7098
2019/1/30,2.6775
2019/1/31,2.6293
2019/2/1,2.6842
2019/2/4,2.7235
2019/2/5,2.6983
2019/2/6,2.6946
2019/2/7,2.6572
2019/2/8,2.6339
2019/2/11,2.6536
2019/2/12,2.6877
2019/2/13,2.7021
2019/2/14,2.6536
2019/2/15,2.6626
2019/2/18,2.6626
2019/2/19,2.6339
2019/2/20,2.6447
2019/2/21,2.6914
2019/2/22,2.6518
2019/2/25,2.6626
2019/2/26,2.6357
2019/2/27,2.6825
2019/2/28,2.715
2019/3/1,2.7531
2019/3/4,2.7223
2019/3/5,2.7169
2019/3/6,2.6934
2019/3/7,2.6393
2019/3/8,2.6285
2019/3/11,2.6393
2019/3/12,2.6015
2019/3/13,2.6213
2019/3/14,2.6303
2019/3/15,2.5871
2019/3/18,2.6033
2019/3/19,2.6123
2019/3/20,2.5263
2019/3/21,2.5369
2019/3/22,2.439
2019/3/25,2.3983
2019/3/26,2.423
2019/3/27,2.3665
2019/3/28,2.3946
2019/3/29,2.405
2019/4/1,2.5009
2019/4/2,2.4741
2019/4/3,2.5241
2019/4/4,2.5151
2019/4/5,2.4954
2019/4/8,2.5222
2019/4/9,2.5006
2019/4/10,2.4649
2019/4/11,2.497
2019/4/12,2.5651
2019/4/15,2.5543
2019/4/16,2.5904
2019/4/17,2.594
2019/4/18,2.5596
2019/4/19,2.5596
2019/4/22,2.5885
2019/4/23,2.565
2019/4/24,2.5181
2019/4/25,2.5325
2019/4/26,2.4982
2019/4/29,2.5252
2019/4/30,2.5018
2019/5/1,2.4999
2019/5/2,2.5414
2019/5/3,2.525
2019/5/6,2.4692
2019/5/7,2.4566
2019/5/8,2.4835
2019/5/9,2.4423
2019/5/10,2.4672
2019/5/13,2.4015
2019/5/14,2.4104
2019/5/15,2.3732
2019/5/16,2.3944
2019/5/17,2.3909
2019/5/20,2.4157
2019/5/21,2.4264
2019/5/22,2.382
2019/5/23,2.3185
2019/5/24,2.3202
2019/5/27,2.3202
2019/5/28,2.2658
2019/5/29,2.2605
2019/5/30,2.2133
2019/5/31,2.1246
2019/6/3,2.071
2019/6/4,2.1296
2019/6/5,2.1348
2019/6/6,2.1174
2019/6/7,2.0809
2019/6/10,2.1484
2019/6/11,2.1431
2019/6/12,2.1205
2019/6/13,2.0945
2019/6/14,2.0804
2019/6/17,2.0942
2019/6/18,2.0595
2019/6/19,2.0233
2019/6/20,2.0284
2019/6/21,2.054
2019/6/24,2.0143
2019/6/25,1.985
2019/6/26,2.0468
2019/6/27,2.014
2019/6/28,2.0051
2019/7/1,2.024
2019/7/2,1.974
2019/7/3,1.9498
2019/7/4,1.9498
2019/7/5,2.0338
2019/7/8,2.0476
2019/7/9,2.0648
2019/7/10,2.0613
2019/7/11,2.1378
2019/7/12,2.1219
2019/7/15,2.0887
2019/7/16,2.1026
2019/7/17,2.0451
2019/7/18,2.0242
2019/7/19,2.0552
2019/7/22,2.0464
2019/7/23,2.0812
2019/7/24,2.0428
2019/7/25,2.081
2019/7/26,2.0703
2019/7/29,2.065
2019/7/30,2.058
2019/7/31,2.0144
2019/8/1,1.8935
2019/8/2,1.8452
2019/8/5,1.7075
2019/8/6,1.7023
2019/8/7,1.7342
2019/8/8,1.7172
2019/8/9,1.7447
2019/8/12,1.6454
2019/8/13,1.7035
2019/8/14,1.5792
2019/8/15,1.5269
2019/8/16,1.5538
2019/8/19,1.6063
2019/8/20,1.5555
2019/8/21,1.5893
2019/8/22,1.6131
2019/8/23,1.5351
2019/8/26,1.5351
2019/8/27,1.4711
2019/8/28,1.4794
2019/8/29,1.4945
2019/8/30,1.4961
2019/9/2,1.4961
2019/9/3,1.4573
2019/9/4,1.4657
2019/9/5,1.5586
2019/9/6,1.5602
2019/9/9,1.6438
2019/9/10,1.7316
2019/9/11,1.7385
2019/9/12,1.7715
2019/9/13,1.8958
2019/9/16,1.8467
2019/9/17,1.8013
2019/9/18,1.7961
2019/9/19,1.784
2019/9/20,1.7215
2019/9/23,1.7267
2019/9/24,1.6456
2019/9/25,1.7372
2019/9/26,1.6921
2019/9/27,1.6801
2019/9/30,1.6646
2019/10/1,1.6353
2019/10/2,1.5992
2019/10/3,1.5341
2019/10/4,1.529
2019/10/7,1.558
2019/10/8,1.5289
2019/10/9,1.5836
2019/10/10,1.6681
2019/10/11,1.729
2019/10/14,1.729
2019/10/15,1.771
2019/10/16,1.7395
2019/10/17,1.7518
2019/10/18,1.7536
2019/10/21,1.7993
2019/10/22,1.7607
2019/10/23,1.7642
2019/10/24,1.766
2019/10/25,1.7943
2019/10/28,1.842
2019/10/29,1.8385
2019/10/30,1.7715
2019/10/31,1.691
2019/11/1,1.7103
2019/11/4,1.777
2019/11/5,1.8584
2019/11/6,1.8283
2019/11/7,1.9173
2019/11/8,1.9417
2019/11/11,1.9417
2019/11/12,1.9347
2019/11/13,1.886
2019/11/14,1.8186
2019/11/15,1.8308
2019/11/18,1.8153
2019/11/19,1.7826
2019/11/20,1.7449
2019/11/21,1.7723
2019/11/22,1.7706
2019/11/25,1.7551
2019/11/26,1.7414
2019/11/27,1.7654
2019/11/28,1.7654
2019/11/29,1.7758
2019/12/2,1.8189
2019/12/3,1.7157
2019/12/4,1.774
2019/12/5,1.8103
2019/12/6,1.8363
2019/12/9,1.819
2019/12/10,1.8416
2019/12/11,1.7914
2019/12/12,1.8922
2019/12/13,1.8226
2019/12/16,1.8713
2019/12/17,1.8801
2019/12/18,1.9169
2019/12/19,1.9204
2019/12/20,1.9171
2019/12/23,1.9294
2019/12/24,1.8996
2019/12/25,1.8996
2019/12/26,1.8944
2019/12/27,1.8752
2019/12/30,1.8788
2019/12/31,1.9175
2020/1/1,1.9175
2020/1/2,1.8771
2020/1/3,1.7881
2020/1/6,1.809
2020/1/7,1.8177
2020/1/8,1.8738
2020/1/9,1.8545
2020/1/10,1.8196
2020/1/13,1.8459
2020/1/14,1.8109
2020/1/15,1.783
2020/1/16,1.8074
2020/1/17,1.8215
2020/1/20,1.8215
2020/1/21,1.7743
2020/1/22,1.7691
2020/1/23,1.7325
2020/1/24,1.6839
2020/1/27,1.608
2020/1/28,1.6562
2020/1/29,1.5839
2020/1/30,1.5856
2020/1/31,1.5068
2020/2/3,1.5272
2020/2/4,1.5991
2020/2/5,1.6508
2020/2/6,1.6422
2020/2/7,1.5834
2020/2/10,1.5696
2020/2/11,1.6006
2020/2/12,1.6333
2020/2/13,1.6173
2020/2/14,1.5848
2020/2/17,1.5848
2020/2/18,1.561
2020/2/19,1.5661
2020/2/20,1.5152
2020/2/21,1.4713
2020/2/24,1.3705
2020/2/25,1.3521
2020/2/26,1.3371
2020/2/27,1.2607
2020/2/28,1.1486
2020/3/2,1.1632
2020/3/3,0.999
2020/3/4,1.0522
2020/3/5,0.912
2020/3/6,0.7623
2020/3/9,0.5407
2020/3/10,0.803
2020/3/11,0.8695
2020/3/12,0.8042
2020/3/13,0.9603
2020/3/16,0.7182
2020/3/17,1.0784
2020/3/18,1.1915
2020/3/19,1.1404
2020/3/20,0.8454
2020/3/23,0.7863
2020/3/24,0.8466
2020/3/25,0.8673
2020/3/26,0.8447
2020/3/27,0.6746
2020/3/30,0.7264
2020/3/31,0.6695
2020/4/1,0.5832
2020/4/2,0.597
2020/4/3,0.5948
2020/4/6,0.6698
2020/4/7,0.7122
2020/4/8,0.7722
2020/4/9,0.7191
2020/4/10,0.7191
2020/4/13,0.7713
2020/4/14,0.752
2020/4/15,0.6316
2020/4/16,0.6267
2020/4/17,0.6417
2020/4/20,0.6053
2020/4/21,0.5691
2020/4/22,0.619
2020/4/23,0.6015
2020/4/24,0.6008
2020/4/27,0.6605
2020/4/28,0.6129
2020/4/29,0.6269
2020/4/30,0.6393
2020/5/1,0.6118
2020/5/4,0.6336
2020/5/5,0.6619
2020/5/6,0.703
2020/5/7,0.6409
2020/5/8,0.6831
2020/5/11,0.7099
2020/5/12,0.6651
2020/5/13,0.6525
2020/5/14,0.6218
2020/5/15,0.6428
2020/5/18,0.7257
2020/5/19,0.6882
2020/5/20,0.6801
2020/5/21,0.672
2020/5/22,0.6591
2020/5/25,0.6591
2020/5/26,0.6965
2020/5/27,0.6819
2020/5/28,0.69
2020/5/29,0.6526
2020/6/1,0.6591
2020/6/2,0.6852
2020/6/3,0.7458
2020/6/4,0.8234
2020/6/5,0.8951
2020/6/8,0.8752
2020/6/9,0.8253
2020/6/10,0.7263
2020/6/11,0.669
2020/6/12,0.7034
2020/6/15,0.7215
2020/6/16,0.7528
2020/6/17,0.738
2020/6/18,0.7084
2020/6/19,0.6937
2020/6/22,0.7085
2020/6/23,0.7118
2020/6/24,0.679
2020/6/25,0.6856
2020/6/26,0.6413
2020/6/29,0.6234
2020/6/30,0.6561
2020/7/1,0.6758
2020/7/2,0.6693
2020/7/3,0.6693
2020/7/6,0.6759
2020/7/7,0.6397
2020/7/8,0.6644
2020/7/9,0.6135
2020/7/10,0.6447
2020/7/13,0.6184
2020/7/14,0.6233
2020/7/15,0.6299
2020/7/16,0.6168
2020/7/17,0.6266
2020/7/20,0.6102
2020/7/21,0.6004
2020/7/22,0.5971
2020/7/23,0.5774
2020/7/24,0.5888
2020/7/27,0.6151
2020/7/28,0.6217
